image_filename,size_kb,modified_date,width,height,resolution
CANNES_TILES_512x512.10.png,378.2,2025-10-29 08:44:17,512,512,512x512
CANNES_TILES_512x512.1000.png,382.01,2025-10-29 08:44:17,512,512,512x512
CANNES_TILES_512x512.1001.png,399.27,2025-10-29 08:44:17,512,512,512x512
CANNES_TILES_512x512.1004.png,390.04,2025-10-29 08:44:17,512,512,512x512
CANNES_TILES_512x512.1005.png,383.32,2025-10-29 08:44:17,512,512,512x512
CANNES_TILES_512x512.1008.png,422.81,2025-10-29 08:44:17,512,512,512x512
CANNES_TILES_512x512.1009.png,419.65,2025-10-29 08:44:17,512,512,512x512
CANNES_TILES_512x512.1010.png,425.28,2025-10-29 08:44:17,512,512,512x512
CANNES_TILES_512x512.1013.png,367.76,2025-10-29 08:44:17,512,512,512x512
CANNES_TILES_512x512.1014.png,416.56,2025-10-29 08:44:17,512,512,512x512
CANNES_TILES_512x512.1016.png,390.46,2025-10-29 08:44:17,512,512,512x512
CANNES_TILES_512x512.1017.png,392.2,2025-10-29 08:44:17,512,512,512x512
CANNES_TILES_512x512.1018.png,405.26,2025-10-29 08:44:17,512,512,512x512
CANNES_TILES_512x512.1019.png,375.69,2025-10-29 08:44:17,512,512,512x512
CANNES_TILES_512x512.102.png,350.95,2025-10-29 08:44:17,512,512,512x512
CANNES_TILES_512x512.1024.png,399.88,2025-10-29 08:44:17,512,512,512x512
CANNES_TILES_512x512.1026.png,415.77,2025-10-29 08:44:17,512,512,512x512
CANNES_TILES_512x512.1028.png,307.54,2025-10-29 08:44:17,424,512,424x512
CANNES_TILES_512x512.1030.png,347.0,2025-10-29 08:44:17,512,512,512x512
CANNES_TILES_512x512.1035.png,353.75,2025-10-29 08:44:17,512,512,512x512
CANNES_TILES_512x512.1040.png,394.65,2025-10-29 08:44:17,512,512,512x512
CANNES_TILES_512x512.1041.png,388.83,2025-10-29 08:44:17,512,512,512x512
CANNES_TILES_512x512.1042.png,369.16,2025-10-29 08:44:17,512,512,512x512
CANNES_TILES_512x512.1043.png,371.33,2025-10-29 08:44:17,512,512,512x512
CANNES_TILES_512x512.1044.png,388.27,2025-10-29 08:44:17,512,512,512x512
CANNES_TILES_512x512.1045.png,365.37,2025-10-29 08:44:17,512,512,512x512
CANNES_TILES_512x512.1046.png,329.22,2025-10-29 08:44:17,512,512,512x512
CANNES_TILES_512x512.1047.png,281.41,2025-10-29 08:44:17,512,512,512x512
CANNES_TILES_512x512.1048.png,399.99,2025-10-29 08:44:17,512,512,512x512
CANNES_TILES_512x512.1049.png,384.69,2025-10-29 08:44:17,512,512,512x512
CANNES_TILES_512x512.105.png,370.81,2025-10-29 08:44:17,512,512,512x512
CANNES_TILES_512x512.1050.png,397.78,2025-10-29 08:44:17,512,512,512x512
CANNES_TILES_512x512.1051.png,382.38,2025-10-29 08:44:17,512,512,512x512
CANNES_TILES_512x512.1052.png,369.88,2025-10-29 08:44:17,512,512,512x512
CANNES_TILES_512x512.1053.png,407.6,2025-10-29 08:44:17,512,512,512x512
CANNES_TILES_512x512.1055.png,339.78,2025-10-29 08:44:17,512,512,512x512
CANNES_TILES_512x512.1056.png,420.52,2025-10-29 08:44:17,512,512,512x512
CANNES_TILES_512x512.1057.png,433.34,2025-10-29 08:44:17,512,512,512x512
CANNES_TILES_512x512.1058.png,423.24,2025-10-29 08:44:17,512,512,512x512
CANNES_TILES_512x512.1059.png,430.54,2025-10-29 08:44:17,512,512,512x512
CANNES_TILES_512x512.1060.png,389.66,2025-10-29 08:44:17,512,512,512x512
CANNES_TILES_512x512.1061.png,384.88,2025-10-29 08:44:17,512,512,512x512
CANNES_TILES_512x512.1062.png,401.25,2025-10-29 08:44:17,512,512,512x512
CANNES_TILES_512x512.1063.png,399.04,2025-10-29 08:44:17,512,512,512x512
CANNES_TILES_512x512.1067.png,411.59,2025-10-29 08:44:17,512,512,512x512
CANNES_TILES_512x512.1068.png,393.3,2025-10-29 08:44:17,512,512,512x512
CANNES_TILES_512x512.1069.png,390.58,2025-10-29 08:44:17,512,512,512x512
CANNES_TILES_512x512.1070.png,404.82,2025-10-29 08:44:17,512,512,512x512
CANNES_TILES_512x512.1071.png,417.58,2025-10-29 08:44:17,512,512,512x512
CANNES_TILES_512x512.1072.png,380.24,2025-10-29 08:44:17,512,512,512x512
CANNES_TILES_512x512.1073.png,390.67,2025-10-29 08:44:17,512,512,512x512
CANNES_TILES_512x512.1074.png,384.06,2025-10-29 08:44:17,512,512,512x512
CANNES_TILES_512x512.1076.png,388.04,2025-10-29 08:44:17,512,512,512x512
CANNES_TILES_512x512.1077.png,316.45,2025-10-29 08:44:17,424,512,424x512
CANNES_TILES_512x512.1078.png,351.92,2025-10-29 08:44:17,512,512,512x512
CANNES_TILES_512x512.108.png,406.35,2025-10-29 08:44:17,512,512,512x512
CANNES_TILES_512x512.1089.png,401.22,2025-10-29 08:44:17,512,512,512x512
CANNES_TILES_512x512.109.png,417.97,2025-10-29 08:44:17,512,512,512x512
CANNES_TILES_512x512.1091.png,368.94,2025-10-29 08:44:17,512,512,512x512
CANNES_TILES_512x512.1092.png,381.16,2025-10-29 08:44:17,512,512,512x512
CANNES_TILES_512x512.1093.png,392.51,2025-10-29 08:44:17,512,512,512x512
CANNES_TILES_512x512.1097.png,369.79,2025-10-29 08:44:17,512,512,512x512
CANNES_TILES_512x512.1098.png,379.78,2025-10-29 08:44:17,512,512,512x512
CANNES_TILES_512x512.1099.png,374.67,2025-10-29 08:44:17,512,512,512x512
CANNES_TILES_512x512.11.png,414.1,2025-10-29 08:44:17,512,512,512x512
CANNES_TILES_512x512.110.png,381.17,2025-10-29 08:44:17,512,512,512x512
CANNES_TILES_512x512.1101.png,375.07,2025-10-29 08:44:17,512,512,512x512
CANNES_TILES_512x512.1105.png,391.94,2025-10-29 08:44:17,512,512,512x512
CANNES_TILES_512x512.1106.png,429.86,2025-10-29 08:44:17,512,512,512x512
CANNES_TILES_512x512.1107.png,424.23,2025-10-29 08:44:17,512,512,512x512
CANNES_TILES_512x512.1108.png,406.4,2025-10-29 08:44:17,512,512,512x512
CANNES_TILES_512x512.1109.png,406.02,2025-10-29 08:44:17,512,512,512x512
CANNES_TILES_512x512.111.png,376.59,2025-10-29 08:44:17,512,512,512x512
CANNES_TILES_512x512.1110.png,392.91,2025-10-29 08:44:17,512,512,512x512
CANNES_TILES_512x512.1111.png,415.4,2025-10-29 08:44:17,512,512,512x512
CANNES_TILES_512x512.1114.png,430.58,2025-10-29 08:44:17,512,512,512x512
CANNES_TILES_512x512.1115.png,428.43,2025-10-29 08:44:17,512,512,512x512
CANNES_TILES_512x512.1116.png,396.61,2025-10-29 08:44:17,512,512,512x512
CANNES_TILES_512x512.1117.png,418.89,2025-10-29 08:44:17,512,512,512x512
CANNES_TILES_512x512.1118.png,378.44,2025-10-29 08:44:17,512,512,512x512
CANNES_TILES_512x512.1119.png,394.72,2025-10-29 08:44:17,512,512,512x512
CANNES_TILES_512x512.1120.png,383.47,2025-10-29 08:44:17,512,512,512x512
CANNES_TILES_512x512.1122.png,383.5,2025-10-29 08:44:17,512,512,512x512
CANNES_TILES_512x512.1127.png,361.21,2025-10-29 08:44:17,512,512,512x512
CANNES_TILES_512x512.113.png,356.52,2025-10-29 08:44:17,512,512,512x512
CANNES_TILES_512x512.1131.png,371.36,2025-10-29 08:44:17,512,512,512x512
CANNES_TILES_512x512.1134.png,357.78,2025-10-29 08:44:17,512,512,512x512
CANNES_TILES_512x512.1139.png,374.55,2025-10-29 08:44:17,512,512,512x512
CANNES_TILES_512x512.114.png,385.1,2025-10-29 08:44:17,512,512,512x512
CANNES_TILES_512x512.1140.png,348.21,2025-10-29 08:44:17,512,512,512x512
CANNES_TILES_512x512.1141.png,372.19,2025-10-29 08:44:17,512,512,512x512
CANNES_TILES_512x512.1149.png,382.36,2025-10-29 08:44:17,512,512,512x512
CANNES_TILES_512x512.115.png,400.9,2025-10-29 08:44:17,512,512,512x512
CANNES_TILES_512x512.1154.png,396.89,2025-10-29 08:44:17,512,512,512x512
CANNES_TILES_512x512.1155.png,424.38,2025-10-29 08:44:17,512,512,512x512
CANNES_TILES_512x512.1156.png,392.47,2025-10-29 08:44:17,512,512,512x512
CANNES_TILES_512x512.1158.png,423.42,2025-10-29 08:44:17,512,512,512x512
CANNES_TILES_512x512.1159.png,389.75,2025-10-29 08:44:17,512,512,512x512
CANNES_TILES_512x512.116.png,379.49,2025-10-29 08:44:17,512,512,512x512
CANNES_TILES_512x512.1160.png,409.17,2025-10-29 08:44:17,512,512,512x512
CANNES_TILES_512x512.1161.png,410.74,2025-10-29 08:44:17,512,512,512x512
CANNES_TILES_512x512.1162.png,407.51,2025-10-29 08:44:17,512,512,512x512
CANNES_TILES_512x512.1163.png,397.82,2025-10-29 08:44:17,512,512,512x512
CANNES_TILES_512x512.1164.png,401.1,2025-10-29 08:44:17,512,512,512x512
CANNES_TILES_512x512.1165.png,405.28,2025-10-29 08:44:17,512,512,512x512
CANNES_TILES_512x512.1167.png,409.37,2025-10-29 08:44:17,512,512,512x512
CANNES_TILES_512x512.1168.png,374.15,2025-10-29 08:44:17,512,512,512x512
CANNES_TILES_512x512.1169.png,367.74,2025-10-29 08:44:17,512,512,512x512
CANNES_TILES_512x512.117.png,404.85,2025-10-29 08:44:17,512,512,512x512
CANNES_TILES_512x512.1172.png,378.02,2025-10-29 08:44:17,512,512,512x512
CANNES_TILES_512x512.1174.png,387.03,2025-10-29 08:44:17,512,512,512x512
CANNES_TILES_512x512.1175.png,300.38,2025-10-29 08:44:17,424,512,424x512
CANNES_TILES_512x512.1176.png,418.27,2025-10-29 08:44:17,512,512,512x512
CANNES_TILES_512x512.118.png,392.31,2025-10-29 08:44:17,512,512,512x512
CANNES_TILES_512x512.1183.png,355.24,2025-10-29 08:44:17,512,512,512x512
CANNES_TILES_512x512.1187.png,378.59,2025-10-29 08:44:17,512,512,512x512
CANNES_TILES_512x512.1188.png,400.36,2025-10-29 08:44:17,512,512,512x512
CANNES_TILES_512x512.1189.png,372.72,2025-10-29 08:44:17,512,512,512x512
CANNES_TILES_512x512.119.png,395.48,2025-10-29 08:44:17,512,512,512x512
CANNES_TILES_512x512.1190.png,381.7,2025-10-29 08:44:17,512,512,512x512
CANNES_TILES_512x512.1191.png,351.54,2025-10-29 08:44:17,512,512,512x512
CANNES_TILES_512x512.1192.png,374.01,2025-10-29 08:44:17,512,512,512x512
CANNES_TILES_512x512.1197.png,370.05,2025-10-29 08:44:17,512,512,512x512
CANNES_TILES_512x512.1198.png,361.4,2025-10-29 08:44:17,512,512,512x512
CANNES_TILES_512x512.1199.png,357.82,2025-10-29 08:44:17,512,512,512x512
CANNES_TILES_512x512.12.png,426.0,2025-10-29 08:44:17,512,512,512x512
CANNES_TILES_512x512.120.png,382.73,2025-10-29 08:44:17,512,512,512x512
CANNES_TILES_512x512.1200.png,378.51,2025-10-29 08:44:17,512,512,512x512
CANNES_TILES_512x512.1201.png,394.17,2025-10-29 08:44:17,512,512,512x512
CANNES_TILES_512x512.1202.png,395.7,2025-10-29 08:44:17,512,512,512x512
CANNES_TILES_512x512.1203.png,397.37,2025-10-29 08:44:17,512,512,512x512
CANNES_TILES_512x512.1204.png,422.76,2025-10-29 08:44:17,512,512,512x512
CANNES_TILES_512x512.1205.png,404.94,2025-10-29 08:44:17,512,512,512x512
CANNES_TILES_512x512.1206.png,370.95,2025-10-29 08:44:17,512,512,512x512
CANNES_TILES_512x512.1207.png,414.63,2025-10-29 08:44:17,512,512,512x512
CANNES_TILES_512x512.1208.png,380.17,2025-10-29 08:44:17,512,512,512x512
CANNES_TILES_512x512.1209.png,386.52,2025-10-29 08:44:17,512,512,512x512
CANNES_TILES_512x512.121.png,370.19,2025-10-29 08:44:17,512,512,512x512
CANNES_TILES_512x512.1210.png,398.58,2025-10-29 08:44:17,512,512,512x512
CANNES_TILES_512x512.1211.png,424.3,2025-10-29 08:44:17,512,512,512x512
CANNES_TILES_512x512.1212.png,392.86,2025-10-29 08:44:17,512,512,512x512
CANNES_TILES_512x512.1213.png,419.27,2025-10-29 08:44:17,512,512,512x512
CANNES_TILES_512x512.1214.png,417.96,2025-10-29 08:44:17,512,512,512x512
CANNES_TILES_512x512.1215.png,396.39,2025-10-29 08:44:17,512,512,512x512
CANNES_TILES_512x512.1216.png,394.1,2025-10-29 08:44:17,512,512,512x512
CANNES_TILES_512x512.1217.png,391.18,2025-10-29 08:44:17,512,512,512x512
CANNES_TILES_512x512.1218.png,388.63,2025-10-29 08:44:17,512,512,512x512
CANNES_TILES_512x512.122.png,387.38,2025-10-29 08:44:17,512,512,512x512
CANNES_TILES_512x512.1220.png,347.69,2025-10-29 08:44:17,512,512,512x512
CANNES_TILES_512x512.1221.png,378.77,2025-10-29 08:44:17,512,512,512x512
CANNES_TILES_512x512.1222.png,382.65,2025-10-29 08:44:17,512,512,512x512
CANNES_TILES_512x512.1225.png,393.97,2025-10-29 08:44:17,512,512,512x512
CANNES_TILES_512x512.123.png,408.14,2025-10-29 08:44:17,512,512,512x512
CANNES_TILES_512x512.1231.png,387.94,2025-10-29 08:44:17,512,512,512x512
CANNES_TILES_512x512.1232.png,369.35,2025-10-29 08:44:17,512,512,512x512
CANNES_TILES_512x512.1237.png,382.35,2025-10-29 08:44:17,512,512,512x512
CANNES_TILES_512x512.124.png,414.0,2025-10-29 08:44:17,512,512,512x512
CANNES_TILES_512x512.1241.png,342.75,2025-10-29 08:44:17,512,512,512x512
CANNES_TILES_512x512.1246.png,375.48,2025-10-29 08:44:17,512,512,512x512
CANNES_TILES_512x512.1247.png,350.23,2025-10-29 08:44:17,512,512,512x512
CANNES_TILES_512x512.1251.png,420.55,2025-10-29 08:44:17,512,512,512x512
CANNES_TILES_512x512.1252.png,402.52,2025-10-29 08:44:17,512,512,512x512
CANNES_TILES_512x512.1253.png,381.07,2025-10-29 08:44:17,512,512,512x512
CANNES_TILES_512x512.1255.png,416.16,2025-10-29 08:44:17,512,512,512x512
CANNES_TILES_512x512.1256.png,413.6,2025-10-29 08:44:17,512,512,512x512
CANNES_TILES_512x512.1257.png,364.29,2025-10-29 08:44:17,512,512,512x512
CANNES_TILES_512x512.1258.png,400.88,2025-10-29 08:44:17,512,512,512x512
CANNES_TILES_512x512.1259.png,388.52,2025-10-29 08:44:17,512,512,512x512
CANNES_TILES_512x512.126.png,401.44,2025-10-29 08:44:17,512,512,512x512
CANNES_TILES_512x512.1260.png,426.44,2025-10-29 08:44:17,512,512,512x512
CANNES_TILES_512x512.1261.png,386.41,2025-10-29 08:44:17,512,512,512x512
CANNES_TILES_512x512.1262.png,390.8,2025-10-29 08:44:17,512,512,512x512
CANNES_TILES_512x512.1263.png,421.92,2025-10-29 08:44:17,512,512,512x512
CANNES_TILES_512x512.1264.png,408.25,2025-10-29 08:44:17,512,512,512x512
CANNES_TILES_512x512.1266.png,383.27,2025-10-29 08:44:17,512,512,512x512
CANNES_TILES_512x512.1267.png,386.99,2025-10-29 08:44:17,512,512,512x512
CANNES_TILES_512x512.1269.png,372.65,2025-10-29 08:44:17,512,512,512x512
CANNES_TILES_512x512.127.png,404.82,2025-10-29 08:44:17,512,512,512x512
CANNES_TILES_512x512.1270.png,399.63,2025-10-29 08:44:17,512,512,512x512
CANNES_TILES_512x512.1272.png,390.31,2025-10-29 08:44:17,512,512,512x512
CANNES_TILES_512x512.1278.png,394.45,2025-10-29 08:44:17,512,512,512x512
CANNES_TILES_512x512.1279.png,354.36,2025-10-29 08:44:17,512,512,512x512
CANNES_TILES_512x512.128.png,377.23,2025-10-29 08:44:17,512,512,512x512
CANNES_TILES_512x512.1280.png,356.59,2025-10-29 08:44:17,512,512,512x512
CANNES_TILES_512x512.1281.png,401.22,2025-10-29 08:44:17,512,512,512x512
CANNES_TILES_512x512.1282.png,382.01,2025-10-29 08:44:18,512,512,512x512
CANNES_TILES_512x512.1286.png,402.28,2025-10-29 08:44:18,512,512,512x512
CANNES_TILES_512x512.129.png,394.88,2025-10-29 08:44:18,512,512,512x512
CANNES_TILES_512x512.1290.png,381.42,2025-10-29 08:44:18,512,512,512x512
CANNES_TILES_512x512.1291.png,372.86,2025-10-29 08:44:18,512,512,512x512
CANNES_TILES_512x512.1292.png,405.37,2025-10-29 08:44:18,512,512,512x512
CANNES_TILES_512x512.13.png,417.23,2025-10-29 08:44:18,512,512,512x512
CANNES_TILES_512x512.130.png,380.04,2025-10-29 08:44:18,512,512,512x512
CANNES_TILES_512x512.1304.png,391.76,2025-10-29 08:44:18,512,512,512x512
CANNES_TILES_512x512.1305.png,369.69,2025-10-29 08:44:18,512,512,512x512
CANNES_TILES_512x512.1306.png,355.34,2025-10-29 08:44:18,512,512,512x512
CANNES_TILES_512x512.1307.png,388.09,2025-10-29 08:44:18,512,512,512x512
CANNES_TILES_512x512.1308.png,400.53,2025-10-29 08:44:18,512,512,512x512
CANNES_TILES_512x512.1309.png,412.31,2025-10-29 08:44:18,512,512,512x512
CANNES_TILES_512x512.131.png,408.66,2025-10-29 08:44:18,512,512,512x512
CANNES_TILES_512x512.1310.png,409.74,2025-10-29 08:44:18,512,512,512x512
CANNES_TILES_512x512.1311.png,401.2,2025-10-29 08:44:18,512,512,512x512
CANNES_TILES_512x512.1312.png,404.49,2025-10-29 08:44:18,512,512,512x512
CANNES_TILES_512x512.1313.png,412.86,2025-10-29 08:44:18,512,512,512x512
CANNES_TILES_512x512.1314.png,394.93,2025-10-29 08:44:18,512,512,512x512
CANNES_TILES_512x512.1315.png,389.11,2025-10-29 08:44:18,512,512,512x512
CANNES_TILES_512x512.132.png,393.87,2025-10-29 08:44:18,512,512,512x512
CANNES_TILES_512x512.1322.png,336.15,2025-10-29 08:44:18,424,512,424x512
CANNES_TILES_512x512.1327.png,385.42,2025-10-29 08:44:18,512,512,512x512
CANNES_TILES_512x512.133.png,394.12,2025-10-29 08:44:18,512,512,512x512
CANNES_TILES_512x512.1330.png,400.96,2025-10-29 08:44:18,512,512,512x512
CANNES_TILES_512x512.1331.png,389.79,2025-10-29 08:44:18,512,512,512x512
CANNES_TILES_512x512.1335.png,407.61,2025-10-29 08:44:18,512,512,512x512
CANNES_TILES_512x512.1336.png,396.19,2025-10-29 08:44:18,512,512,512x512
CANNES_TILES_512x512.1337.png,359.06,2025-10-29 08:44:18,512,512,512x512
CANNES_TILES_512x512.1339.png,375.19,2025-10-29 08:44:18,512,512,512x512
CANNES_TILES_512x512.134.png,400.85,2025-10-29 08:44:18,512,512,512x512
CANNES_TILES_512x512.1340.png,440.42,2025-10-29 08:44:18,512,512,512x512
CANNES_TILES_512x512.1341.png,430.82,2025-10-29 08:44:18,512,512,512x512
CANNES_TILES_512x512.1342.png,393.14,2025-10-29 08:44:18,512,512,512x512
CANNES_TILES_512x512.1343.png,391.6,2025-10-29 08:44:18,512,512,512x512
CANNES_TILES_512x512.1344.png,381.73,2025-10-29 08:44:18,512,512,512x512
CANNES_TILES_512x512.1345.png,365.0,2025-10-29 08:44:18,512,512,512x512
CANNES_TILES_512x512.1349.png,382.98,2025-10-29 08:44:18,512,512,512x512
CANNES_TILES_512x512.135.png,376.88,2025-10-29 08:44:18,512,512,512x512
CANNES_TILES_512x512.1350.png,398.71,2025-10-29 08:44:18,512,512,512x512
CANNES_TILES_512x512.1351.png,401.88,2025-10-29 08:44:18,512,512,512x512
CANNES_TILES_512x512.1352.png,408.1,2025-10-29 08:44:18,512,512,512x512
CANNES_TILES_512x512.1353.png,409.82,2025-10-29 08:44:18,512,512,512x512
CANNES_TILES_512x512.1358.png,403.38,2025-10-29 08:44:18,512,512,512x512
CANNES_TILES_512x512.1359.png,388.53,2025-10-29 08:44:18,512,512,512x512
CANNES_TILES_512x512.136.png,395.23,2025-10-29 08:44:18,512,512,512x512
CANNES_TILES_512x512.1360.png,391.67,2025-10-29 08:44:18,512,512,512x512
CANNES_TILES_512x512.1361.png,380.48,2025-10-29 08:44:18,512,512,512x512
CANNES_TILES_512x512.1362.png,394.51,2025-10-29 08:44:18,512,512,512x512
CANNES_TILES_512x512.1363.png,408.25,2025-10-29 08:44:18,512,512,512x512
CANNES_TILES_512x512.1364.png,397.31,2025-10-29 08:44:18,512,512,512x512
CANNES_TILES_512x512.1365.png,386.99,2025-10-29 08:44:18,512,512,512x512
CANNES_TILES_512x512.1369.png,368.68,2025-10-29 08:44:18,512,512,512x512
CANNES_TILES_512x512.137.png,370.3,2025-10-29 08:44:18,512,512,512x512
CANNES_TILES_512x512.1370.png,368.06,2025-10-29 08:44:18,512,512,512x512
CANNES_TILES_512x512.1371.png,307.43,2025-10-29 08:44:18,424,512,424x512
CANNES_TILES_512x512.1376.png,363.69,2025-10-29 08:44:18,512,512,512x512
CANNES_TILES_512x512.1379.png,339.51,2025-10-29 08:44:18,512,512,512x512
CANNES_TILES_512x512.1380.png,350.61,2025-10-29 08:44:18,512,512,512x512
CANNES_TILES_512x512.1383.png,384.95,2025-10-29 08:44:18,512,512,512x512
CANNES_TILES_512x512.1384.png,396.89,2025-10-29 08:44:18,512,512,512x512
CANNES_TILES_512x512.139.png,384.92,2025-10-29 08:44:18,512,512,512x512
CANNES_TILES_512x512.1390.png,410.05,2025-10-29 08:44:18,512,512,512x512
CANNES_TILES_512x512.1391.png,402.5,2025-10-29 08:44:18,512,512,512x512
CANNES_TILES_512x512.1392.png,376.2,2025-10-29 08:44:18,512,512,512x512
CANNES_TILES_512x512.1394.png,376.65,2025-10-29 08:44:18,512,512,512x512
CANNES_TILES_512x512.1397.png,359.43,2025-10-29 08:44:18,512,512,512x512
CANNES_TILES_512x512.140.png,386.04,2025-10-29 08:44:18,512,512,512x512
CANNES_TILES_512x512.1400.png,385.89,2025-10-29 08:44:18,512,512,512x512
CANNES_TILES_512x512.1401.png,386.72,2025-10-29 08:44:18,512,512,512x512
CANNES_TILES_512x512.1402.png,398.37,2025-10-29 08:44:18,512,512,512x512
CANNES_TILES_512x512.1403.png,377.46,2025-10-29 08:44:18,512,512,512x512
CANNES_TILES_512x512.1408.png,404.81,2025-10-29 08:44:18,512,512,512x512
CANNES_TILES_512x512.141.png,404.06,2025-10-29 08:44:18,512,512,512x512
CANNES_TILES_512x512.1411.png,403.45,2025-10-29 08:44:18,512,512,512x512
CANNES_TILES_512x512.1412.png,407.93,2025-10-29 08:44:18,512,512,512x512
CANNES_TILES_512x512.1413.png,399.53,2025-10-29 08:44:18,512,512,512x512
CANNES_TILES_512x512.1414.png,394.01,2025-10-29 08:44:18,512,512,512x512
CANNES_TILES_512x512.1415.png,367.68,2025-10-29 08:44:18,512,512,512x512
CANNES_TILES_512x512.1417.png,339.74,2025-10-29 08:44:18,512,512,512x512
CANNES_TILES_512x512.142.png,406.25,2025-10-29 08:44:18,512,512,512x512
CANNES_TILES_512x512.1421.png,421.9,2025-10-29 08:44:18,512,512,512x512
CANNES_TILES_512x512.1426.png,379.5,2025-10-29 08:44:18,512,512,512x512
CANNES_TILES_512x512.1428.png,343.41,2025-10-29 08:44:18,512,512,512x512
CANNES_TILES_512x512.1433.png,380.86,2025-10-29 08:44:18,512,512,512x512
CANNES_TILES_512x512.1439.png,387.38,2025-10-29 08:44:18,512,512,512x512
CANNES_TILES_512x512.1440.png,408.34,2025-10-29 08:44:18,512,512,512x512
CANNES_TILES_512x512.1441.png,366.81,2025-10-29 08:44:18,512,512,512x512
CANNES_TILES_512x512.1442.png,393.25,2025-10-29 08:44:18,512,512,512x512
CANNES_TILES_512x512.1443.png,365.81,2025-10-29 08:44:18,512,512,512x512
CANNES_TILES_512x512.1448.png,375.47,2025-10-29 08:44:18,512,512,512x512
CANNES_TILES_512x512.1449.png,404.65,2025-10-29 08:44:18,512,512,512x512
CANNES_TILES_512x512.1450.png,389.51,2025-10-29 08:44:18,512,512,512x512
CANNES_TILES_512x512.1451.png,402.03,2025-10-29 08:44:18,512,512,512x512
CANNES_TILES_512x512.1452.png,410.13,2025-10-29 08:44:18,512,512,512x512
CANNES_TILES_512x512.1453.png,359.89,2025-10-29 08:44:18,512,512,512x512
CANNES_TILES_512x512.1456.png,389.42,2025-10-29 08:44:18,512,512,512x512
CANNES_TILES_512x512.1457.png,404.9,2025-10-29 08:44:18,512,512,512x512
CANNES_TILES_512x512.1458.png,404.99,2025-10-29 08:44:18,512,512,512x512
CANNES_TILES_512x512.1460.png,397.62,2025-10-29 08:44:18,512,512,512x512
CANNES_TILES_512x512.1461.png,395.59,2025-10-29 08:44:18,512,512,512x512
CANNES_TILES_512x512.1462.png,387.45,2025-10-29 08:44:18,512,512,512x512
CANNES_TILES_512x512.1463.png,414.19,2025-10-29 08:44:18,512,512,512x512
CANNES_TILES_512x512.1465.png,357.29,2025-10-29 08:44:18,512,512,512x512
CANNES_TILES_512x512.1466.png,368.75,2025-10-29 08:44:18,512,512,512x512
CANNES_TILES_512x512.1474.png,386.16,2025-10-29 08:44:18,512,512,512x512
CANNES_TILES_512x512.1475.png,402.71,2025-10-29 08:44:18,512,512,512x512
CANNES_TILES_512x512.1476.png,377.0,2025-10-29 08:44:18,512,512,512x512
CANNES_TILES_512x512.1481.png,387.23,2025-10-29 08:44:18,512,512,512x512
CANNES_TILES_512x512.1489.png,394.22,2025-10-29 08:44:18,512,512,512x512
CANNES_TILES_512x512.1491.png,389.31,2025-10-29 08:44:18,512,512,512x512
CANNES_TILES_512x512.1492.png,385.92,2025-10-29 08:44:18,512,512,512x512
CANNES_TILES_512x512.1497.png,392.58,2025-10-29 08:44:18,512,512,512x512
CANNES_TILES_512x512.1498.png,419.98,2025-10-29 08:44:18,512,512,512x512
CANNES_TILES_512x512.1499.png,396.54,2025-10-29 08:44:18,512,512,512x512
CANNES_TILES_512x512.15.png,383.34,2025-10-29 08:44:18,512,512,512x512
CANNES_TILES_512x512.150.png,355.37,2025-10-29 08:44:18,512,512,512x512
CANNES_TILES_512x512.1500.png,432.25,2025-10-29 08:44:18,512,512,512x512
CANNES_TILES_512x512.1501.png,374.0,2025-10-29 08:44:18,512,512,512x512
CANNES_TILES_512x512.1502.png,403.95,2025-10-29 08:44:18,512,512,512x512
CANNES_TILES_512x512.1503.png,423.29,2025-10-29 08:44:18,512,512,512x512
CANNES_TILES_512x512.1506.png,386.52,2025-10-29 08:44:18,512,512,512x512
CANNES_TILES_512x512.1507.png,415.31,2025-10-29 08:44:18,512,512,512x512
CANNES_TILES_512x512.1508.png,403.82,2025-10-29 08:44:18,512,512,512x512
CANNES_TILES_512x512.1509.png,408.95,2025-10-29 08:44:18,512,512,512x512
CANNES_TILES_512x512.151.png,335.31,2025-10-29 08:44:18,512,512,512x512
CANNES_TILES_512x512.1510.png,373.48,2025-10-29 08:44:18,512,512,512x512
CANNES_TILES_512x512.1511.png,397.81,2025-10-29 08:44:18,512,512,512x512
CANNES_TILES_512x512.1513.png,372.06,2025-10-29 08:44:18,512,512,512x512
CANNES_TILES_512x512.1518.png,328.02,2025-10-29 08:44:18,424,512,424x512
CANNES_TILES_512x512.1519.png,366.89,2025-10-29 08:44:18,512,512,512x512
CANNES_TILES_512x512.1521.png,363.28,2025-10-29 08:44:18,512,512,512x512
CANNES_TILES_512x512.1523.png,387.78,2025-10-29 08:44:18,512,512,512x512
CANNES_TILES_512x512.1524.png,382.38,2025-10-29 08:44:18,512,512,512x512
CANNES_TILES_512x512.1525.png,388.69,2025-10-29 08:44:18,512,512,512x512
CANNES_TILES_512x512.1526.png,377.14,2025-10-29 08:44:18,512,512,512x512
CANNES_TILES_512x512.1532.png,366.47,2025-10-29 08:44:18,512,512,512x512
CANNES_TILES_512x512.154.png,367.21,2025-10-29 08:44:18,512,512,512x512
CANNES_TILES_512x512.1540.png,359.28,2025-10-29 08:44:18,512,512,512x512
CANNES_TILES_512x512.155.png,369.99,2025-10-29 08:44:18,512,512,512x512
CANNES_TILES_512x512.1554.png,396.92,2025-10-29 08:44:18,512,512,512x512
CANNES_TILES_512x512.1555.png,378.04,2025-10-29 08:44:18,512,512,512x512
CANNES_TILES_512x512.1558.png,405.72,2025-10-29 08:44:18,512,512,512x512
CANNES_TILES_512x512.1559.png,408.88,2025-10-29 08:44:18,512,512,512x512
CANNES_TILES_512x512.156.png,375.45,2025-10-29 08:44:18,512,512,512x512
CANNES_TILES_512x512.1560.png,405.12,2025-10-29 08:44:18,512,512,512x512
CANNES_TILES_512x512.1561.png,405.08,2025-10-29 08:44:18,512,512,512x512
CANNES_TILES_512x512.1562.png,386.41,2025-10-29 08:44:18,512,512,512x512
CANNES_TILES_512x512.1567.png,322.46,2025-10-29 08:44:18,424,512,424x512
CANNES_TILES_512x512.1568.png,412.56,2025-10-29 08:44:18,512,512,512x512
CANNES_TILES_512x512.157.png,395.91,2025-10-29 08:44:18,512,512,512x512
CANNES_TILES_512x512.1570.png,371.73,2025-10-29 08:44:18,512,512,512x512
CANNES_TILES_512x512.1571.png,364.97,2025-10-29 08:44:18,512,512,512x512
CANNES_TILES_512x512.1573.png,385.27,2025-10-29 08:44:18,512,512,512x512
CANNES_TILES_512x512.1574.png,425.44,2025-10-29 08:44:18,512,512,512x512
CANNES_TILES_512x512.1577.png,376.07,2025-10-29 08:44:18,512,512,512x512
CANNES_TILES_512x512.1578.png,397.94,2025-10-29 08:44:18,512,512,512x512
CANNES_TILES_512x512.1579.png,401.77,2025-10-29 08:44:18,512,512,512x512
CANNES_TILES_512x512.1580.png,398.23,2025-10-29 08:44:18,512,512,512x512
CANNES_TILES_512x512.1581.png,372.42,2025-10-29 08:44:18,512,512,512x512
CANNES_TILES_512x512.159.png,361.36,2025-10-29 08:44:18,512,512,512x512
CANNES_TILES_512x512.16.png,376.62,2025-10-29 08:44:18,512,512,512x512
CANNES_TILES_512x512.1602.png,441.58,2025-10-29 08:44:18,512,512,512x512
CANNES_TILES_512x512.1604.png,365.87,2025-10-29 08:44:18,512,512,512x512
CANNES_TILES_512x512.1606.png,370.56,2025-10-29 08:44:18,512,512,512x512
CANNES_TILES_512x512.1607.png,393.35,2025-10-29 08:44:18,512,512,512x512
CANNES_TILES_512x512.1608.png,399.0,2025-10-29 08:44:18,512,512,512x512
CANNES_TILES_512x512.1609.png,394.99,2025-10-29 08:44:18,512,512,512x512
CANNES_TILES_512x512.1610.png,423.45,2025-10-29 08:44:18,512,512,512x512
CANNES_TILES_512x512.1611.png,379.2,2025-10-29 08:44:18,512,512,512x512
CANNES_TILES_512x512.1613.png,367.35,2025-10-29 08:44:18,512,512,512x512
CANNES_TILES_512x512.1614.png,374.3,2025-10-29 08:44:18,512,512,512x512
CANNES_TILES_512x512.1615.png,380.4,2025-10-29 08:44:18,512,512,512x512
CANNES_TILES_512x512.1617.png,381.85,2025-10-29 08:44:18,512,512,512x512
CANNES_TILES_512x512.1618.png,374.87,2025-10-29 08:44:18,512,512,512x512
CANNES_TILES_512x512.162.png,364.28,2025-10-29 08:44:18,512,512,512x512
CANNES_TILES_512x512.1626.png,415.31,2025-10-29 08:44:18,512,512,512x512
CANNES_TILES_512x512.1627.png,442.65,2025-10-29 08:44:18,512,512,512x512
CANNES_TILES_512x512.1628.png,411.7,2025-10-29 08:44:18,512,512,512x512
CANNES_TILES_512x512.1629.png,408.5,2025-10-29 08:44:18,512,512,512x512
CANNES_TILES_512x512.163.png,396.04,2025-10-29 08:44:18,512,512,512x512
CANNES_TILES_512x512.1632.png,411.02,2025-10-29 08:44:18,512,512,512x512
CANNES_TILES_512x512.1633.png,397.96,2025-10-29 08:44:18,512,512,512x512
CANNES_TILES_512x512.1639.png,378.43,2025-10-29 08:44:18,512,512,512x512
CANNES_TILES_512x512.164.png,416.5,2025-10-29 08:44:18,512,512,512x512
CANNES_TILES_512x512.165.png,419.47,2025-10-29 08:44:18,512,512,512x512
CANNES_TILES_512x512.1652.png,410.5,2025-10-29 08:44:18,512,512,512x512
CANNES_TILES_512x512.1653.png,398.39,2025-10-29 08:44:18,512,512,512x512
CANNES_TILES_512x512.1654.png,366.79,2025-10-29 08:44:18,512,512,512x512
CANNES_TILES_512x512.1658.png,433.91,2025-10-29 08:44:18,512,512,512x512
CANNES_TILES_512x512.1659.png,413.56,2025-10-29 08:44:18,512,512,512x512
CANNES_TILES_512x512.166.png,402.3,2025-10-29 08:44:18,512,512,512x512
CANNES_TILES_512x512.1667.png,381.23,2025-10-29 08:44:18,512,512,512x512
CANNES_TILES_512x512.167.png,404.26,2025-10-29 08:44:18,512,512,512x512
CANNES_TILES_512x512.1672.png,406.47,2025-10-29 08:44:18,512,512,512x512
CANNES_TILES_512x512.1673.png,413.02,2025-10-29 08:44:18,512,512,512x512
CANNES_TILES_512x512.1674.png,401.45,2025-10-29 08:44:18,512,512,512x512
CANNES_TILES_512x512.1675.png,418.65,2025-10-29 08:44:18,512,512,512x512
CANNES_TILES_512x512.1676.png,413.83,2025-10-29 08:44:18,512,512,512x512
CANNES_TILES_512x512.1677.png,391.64,2025-10-29 08:44:18,512,512,512x512
CANNES_TILES_512x512.1678.png,367.08,2025-10-29 08:44:18,512,512,512x512
CANNES_TILES_512x512.168.png,369.88,2025-10-29 08:44:18,512,512,512x512
CANNES_TILES_512x512.1680.png,383.03,2025-10-29 08:44:18,512,512,512x512
CANNES_TILES_512x512.1681.png,420.56,2025-10-29 08:44:18,512,512,512x512
CANNES_TILES_512x512.1682.png,421.4,2025-10-29 08:44:18,512,512,512x512
CANNES_TILES_512x512.1683.png,419.43,2025-10-29 08:44:18,512,512,512x512
CANNES_TILES_512x512.1688.png,354.47,2025-10-29 08:44:18,512,512,512x512
CANNES_TILES_512x512.169.png,356.24,2025-10-29 08:44:18,512,512,512x512
CANNES_TILES_512x512.1696.png,405.01,2025-10-29 08:44:18,512,512,512x512
CANNES_TILES_512x512.1697.png,373.54,2025-10-29 08:44:18,512,512,512x512
CANNES_TILES_512x512.17.png,406.59,2025-10-29 08:44:18,512,512,512x512
CANNES_TILES_512x512.170.png,364.85,2025-10-29 08:44:18,512,512,512x512
CANNES_TILES_512x512.1701.png,432.7,2025-10-29 08:44:18,512,512,512x512
CANNES_TILES_512x512.1703.png,427.02,2025-10-29 08:44:18,512,512,512x512
CANNES_TILES_512x512.1704.png,382.9,2025-10-29 08:44:18,512,512,512x512
CANNES_TILES_512x512.1705.png,373.74,2025-10-29 08:44:18,512,512,512x512
CANNES_TILES_512x512.1707.png,428.82,2025-10-29 08:44:18,512,512,512x512
CANNES_TILES_512x512.1708.png,432.15,2025-10-29 08:44:18,512,512,512x512
CANNES_TILES_512x512.1709.png,406.52,2025-10-29 08:44:18,512,512,512x512
CANNES_TILES_512x512.171.png,365.1,2025-10-29 08:44:18,512,512,512x512
CANNES_TILES_512x512.1711.png,380.05,2025-10-29 08:44:18,512,512,512x512
CANNES_TILES_512x512.1712.png,392.59,2025-10-29 08:44:18,512,512,512x512
CANNES_TILES_512x512.1715.png,404.08,2025-10-29 08:44:18,512,512,512x512
CANNES_TILES_512x512.172.png,396.7,2025-10-29 08:44:19,512,512,512x512
CANNES_TILES_512x512.1721.png,361.74,2025-10-29 08:44:19,512,512,512x512
CANNES_TILES_512x512.1722.png,378.58,2025-10-29 08:44:19,512,512,512x512
CANNES_TILES_512x512.1723.png,432.03,2025-10-29 08:44:19,512,512,512x512
CANNES_TILES_512x512.1724.png,412.62,2025-10-29 08:44:19,512,512,512x512
CANNES_TILES_512x512.1725.png,381.97,2025-10-29 08:44:19,512,512,512x512
CANNES_TILES_512x512.1726.png,361.88,2025-10-29 08:44:19,512,512,512x512
CANNES_TILES_512x512.1728.png,395.85,2025-10-29 08:44:19,512,512,512x512
CANNES_TILES_512x512.1729.png,408.15,2025-10-29 08:44:19,512,512,512x512
CANNES_TILES_512x512.173.png,387.66,2025-10-29 08:44:19,512,512,512x512
CANNES_TILES_512x512.1730.png,418.33,2025-10-29 08:44:19,512,512,512x512
CANNES_TILES_512x512.1731.png,412.12,2025-10-29 08:44:19,512,512,512x512
CANNES_TILES_512x512.1732.png,414.49,2025-10-29 08:44:19,512,512,512x512
CANNES_TILES_512x512.1742.png,378.13,2025-10-29 08:44:19,512,512,512x512
CANNES_TILES_512x512.1743.png,385.37,2025-10-29 08:44:19,512,512,512x512
CANNES_TILES_512x512.1744.png,372.88,2025-10-29 08:44:19,512,512,512x512
CANNES_TILES_512x512.1745.png,353.53,2025-10-29 08:44:19,512,512,512x512
CANNES_TILES_512x512.1746.png,372.95,2025-10-29 08:44:19,512,512,512x512
CANNES_TILES_512x512.1749.png,401.5,2025-10-29 08:44:19,512,512,512x512
CANNES_TILES_512x512.175.png,379.96,2025-10-29 08:44:19,512,512,512x512
CANNES_TILES_512x512.1750.png,393.49,2025-10-29 08:44:19,512,512,512x512
CANNES_TILES_512x512.1751.png,383.2,2025-10-29 08:44:19,512,512,512x512
CANNES_TILES_512x512.1752.png,410.57,2025-10-29 08:44:19,512,512,512x512
CANNES_TILES_512x512.1755.png,398.02,2025-10-29 08:44:19,512,512,512x512
CANNES_TILES_512x512.1760.png,373.73,2025-10-29 08:44:19,512,512,512x512
CANNES_TILES_512x512.1761.png,381.95,2025-10-29 08:44:19,512,512,512x512
CANNES_TILES_512x512.1762.png,367.96,2025-10-29 08:44:19,512,512,512x512
CANNES_TILES_512x512.1764.png,398.19,2025-10-29 08:44:19,512,512,512x512
CANNES_TILES_512x512.177.png,402.75,2025-10-29 08:44:19,512,512,512x512
CANNES_TILES_512x512.1771.png,429.36,2025-10-29 08:44:19,512,512,512x512
CANNES_TILES_512x512.1774.png,376.95,2025-10-29 08:44:19,512,512,512x512
CANNES_TILES_512x512.1775.png,389.81,2025-10-29 08:44:19,512,512,512x512
CANNES_TILES_512x512.1776.png,408.98,2025-10-29 08:44:19,512,512,512x512
CANNES_TILES_512x512.1777.png,413.19,2025-10-29 08:44:19,512,512,512x512
CANNES_TILES_512x512.1778.png,411.35,2025-10-29 08:44:19,512,512,512x512
CANNES_TILES_512x512.1779.png,412.52,2025-10-29 08:44:19,512,512,512x512
CANNES_TILES_512x512.178.png,400.04,2025-10-29 08:44:19,512,512,512x512
CANNES_TILES_512x512.1780.png,405.48,2025-10-29 08:44:19,512,512,512x512
CANNES_TILES_512x512.1781.png,387.85,2025-10-29 08:44:19,512,512,512x512
CANNES_TILES_512x512.1783.png,368.12,2025-10-29 08:44:19,512,512,512x512
CANNES_TILES_512x512.1784.png,368.24,2025-10-29 08:44:19,512,512,512x512
CANNES_TILES_512x512.1785.png,358.34,2025-10-29 08:44:19,512,512,512x512
CANNES_TILES_512x512.1786.png,387.18,2025-10-29 08:44:19,512,512,512x512
CANNES_TILES_512x512.1788.png,406.99,2025-10-29 08:44:19,512,512,512x512
CANNES_TILES_512x512.1789.png,408.7,2025-10-29 08:44:19,512,512,512x512
CANNES_TILES_512x512.1790.png,419.12,2025-10-29 08:44:19,512,512,512x512
CANNES_TILES_512x512.1791.png,418.25,2025-10-29 08:44:19,512,512,512x512
CANNES_TILES_512x512.1792.png,413.09,2025-10-29 08:44:19,512,512,512x512
CANNES_TILES_512x512.1793.png,406.38,2025-10-29 08:44:19,512,512,512x512
CANNES_TILES_512x512.1794.png,379.34,2025-10-29 08:44:19,512,512,512x512
CANNES_TILES_512x512.1795.png,410.72,2025-10-29 08:44:19,512,512,512x512
CANNES_TILES_512x512.1796.png,413.7,2025-10-29 08:44:19,512,512,512x512
CANNES_TILES_512x512.1797.png,400.4,2025-10-29 08:44:19,512,512,512x512
CANNES_TILES_512x512.18.png,439.71,2025-10-29 08:44:19,512,512,512x512
CANNES_TILES_512x512.180.png,383.16,2025-10-29 08:44:19,512,512,512x512
CANNES_TILES_512x512.1800.png,406.9,2025-10-29 08:44:19,512,512,512x512
CANNES_TILES_512x512.1801.png,418.73,2025-10-29 08:44:19,512,512,512x512
CANNES_TILES_512x512.1802.png,389.4,2025-10-29 08:44:19,512,512,512x512
CANNES_TILES_512x512.1803.png,383.37,2025-10-29 08:44:19,512,512,512x512
CANNES_TILES_512x512.1804.png,397.52,2025-10-29 08:44:19,512,512,512x512
CANNES_TILES_512x512.181.png,427.85,2025-10-29 08:44:19,512,512,512x512
CANNES_TILES_512x512.1813.png,411.36,2025-10-29 08:44:19,512,512,512x512
CANNES_TILES_512x512.1816.png,378.93,2025-10-29 08:44:19,512,512,512x512
CANNES_TILES_512x512.1817.png,418.48,2025-10-29 08:44:19,512,512,512x512
CANNES_TILES_512x512.1818.png,393.79,2025-10-29 08:44:19,512,512,512x512
CANNES_TILES_512x512.1819.png,407.51,2025-10-29 08:44:19,512,512,512x512
CANNES_TILES_512x512.182.png,405.23,2025-10-29 08:44:19,512,512,512x512
CANNES_TILES_512x512.1820.png,429.21,2025-10-29 08:44:19,512,512,512x512
CANNES_TILES_512x512.1823.png,393.53,2025-10-29 08:44:19,512,512,512x512
CANNES_TILES_512x512.1825.png,408.71,2025-10-29 08:44:19,512,512,512x512
CANNES_TILES_512x512.1826.png,422.55,2025-10-29 08:44:19,512,512,512x512
CANNES_TILES_512x512.1828.png,419.97,2025-10-29 08:44:19,512,512,512x512
CANNES_TILES_512x512.1829.png,409.93,2025-10-29 08:44:19,512,512,512x512
CANNES_TILES_512x512.183.png,419.12,2025-10-29 08:44:19,512,512,512x512
CANNES_TILES_512x512.1830.png,423.26,2025-10-29 08:44:19,512,512,512x512
CANNES_TILES_512x512.1831.png,398.82,2025-10-29 08:44:19,512,512,512x512
CANNES_TILES_512x512.1833.png,382.84,2025-10-29 08:44:19,512,512,512x512
CANNES_TILES_512x512.1834.png,351.71,2025-10-29 08:44:19,512,512,512x512
CANNES_TILES_512x512.1835.png,402.88,2025-10-29 08:44:19,512,512,512x512
CANNES_TILES_512x512.1837.png,408.37,2025-10-29 08:44:19,512,512,512x512
CANNES_TILES_512x512.1838.png,409.02,2025-10-29 08:44:19,512,512,512x512
CANNES_TILES_512x512.1839.png,396.3,2025-10-29 08:44:19,512,512,512x512
CANNES_TILES_512x512.184.png,403.22,2025-10-29 08:44:19,512,512,512x512
CANNES_TILES_512x512.1840.png,395.18,2025-10-29 08:44:19,512,512,512x512
CANNES_TILES_512x512.1841.png,409.77,2025-10-29 08:44:19,512,512,512x512
CANNES_TILES_512x512.1842.png,413.17,2025-10-29 08:44:19,512,512,512x512
CANNES_TILES_512x512.1843.png,407.8,2025-10-29 08:44:19,512,512,512x512
CANNES_TILES_512x512.1844.png,415.96,2025-10-29 08:44:19,512,512,512x512
CANNES_TILES_512x512.1845.png,411.56,2025-10-29 08:44:19,512,512,512x512
CANNES_TILES_512x512.1846.png,411.01,2025-10-29 08:44:19,512,512,512x512
CANNES_TILES_512x512.1847.png,384.47,2025-10-29 08:44:19,512,512,512x512
CANNES_TILES_512x512.1848.png,400.28,2025-10-29 08:44:19,512,512,512x512
CANNES_TILES_512x512.1849.png,410.33,2025-10-29 08:44:19,512,512,512x512
CANNES_TILES_512x512.185.png,392.77,2025-10-29 08:44:19,512,512,512x512
CANNES_TILES_512x512.1851.png,399.94,2025-10-29 08:44:19,512,512,512x512
CANNES_TILES_512x512.1854.png,383.25,2025-10-29 08:44:19,512,512,512x512
CANNES_TILES_512x512.186.png,382.14,2025-10-29 08:44:19,512,512,512x512
CANNES_TILES_512x512.1862.png,385.37,2025-10-29 08:44:19,512,512,512x512
CANNES_TILES_512x512.1866.png,415.18,2025-10-29 08:44:19,512,512,512x512
CANNES_TILES_512x512.1868.png,407.79,2025-10-29 08:44:19,512,512,512x512
CANNES_TILES_512x512.187.png,360.54,2025-10-29 08:44:19,512,512,512x512
CANNES_TILES_512x512.1870.png,379.59,2025-10-29 08:44:19,512,512,512x512
CANNES_TILES_512x512.1874.png,421.33,2025-10-29 08:44:19,512,512,512x512
CANNES_TILES_512x512.1876.png,412.22,2025-10-29 08:44:19,512,512,512x512
CANNES_TILES_512x512.1877.png,411.74,2025-10-29 08:44:19,512,512,512x512
CANNES_TILES_512x512.1878.png,421.62,2025-10-29 08:44:19,512,512,512x512
CANNES_TILES_512x512.1879.png,421.75,2025-10-29 08:44:19,512,512,512x512
CANNES_TILES_512x512.188.png,388.56,2025-10-29 08:44:19,512,512,512x512
CANNES_TILES_512x512.1880.png,406.25,2025-10-29 08:44:19,512,512,512x512
CANNES_TILES_512x512.1881.png,417.76,2025-10-29 08:44:19,512,512,512x512
CANNES_TILES_512x512.1885.png,398.78,2025-10-29 08:44:19,512,512,512x512
CANNES_TILES_512x512.1886.png,393.0,2025-10-29 08:44:19,512,512,512x512
CANNES_TILES_512x512.1887.png,386.17,2025-10-29 08:44:19,512,512,512x512
CANNES_TILES_512x512.1888.png,416.74,2025-10-29 08:44:19,512,512,512x512
CANNES_TILES_512x512.1889.png,390.25,2025-10-29 08:44:19,512,512,512x512
CANNES_TILES_512x512.189.png,392.22,2025-10-29 08:44:19,512,512,512x512
CANNES_TILES_512x512.1890.png,389.87,2025-10-29 08:44:19,512,512,512x512
CANNES_TILES_512x512.1891.png,394.39,2025-10-29 08:44:19,512,512,512x512
CANNES_TILES_512x512.1892.png,391.13,2025-10-29 08:44:19,512,512,512x512
CANNES_TILES_512x512.1896.png,406.21,2025-10-29 08:44:19,512,512,512x512
CANNES_TILES_512x512.1897.png,357.23,2025-10-29 08:44:19,512,512,512x512
CANNES_TILES_512x512.1898.png,409.88,2025-10-29 08:44:19,512,512,512x512
CANNES_TILES_512x512.1899.png,415.27,2025-10-29 08:44:19,512,512,512x512
CANNES_TILES_512x512.19.png,423.65,2025-10-29 08:44:19,512,512,512x512
CANNES_TILES_512x512.190.png,403.58,2025-10-29 08:44:19,512,512,512x512
CANNES_TILES_512x512.1900.png,413.9,2025-10-29 08:44:19,512,512,512x512
CANNES_TILES_512x512.1901.png,420.21,2025-10-29 08:44:19,512,512,512x512
CANNES_TILES_512x512.1903.png,389.38,2025-10-29 08:44:19,512,512,512x512
CANNES_TILES_512x512.1904.png,401.52,2025-10-29 08:44:19,512,512,512x512
CANNES_TILES_512x512.191.png,380.08,2025-10-29 08:44:19,512,512,512x512
CANNES_TILES_512x512.1911.png,395.95,2025-10-29 08:44:19,512,512,512x512
CANNES_TILES_512x512.1912.png,408.05,2025-10-29 08:44:19,512,512,512x512
CANNES_TILES_512x512.1914.png,330.54,2025-10-29 08:44:19,512,512,512x512
CANNES_TILES_512x512.1915.png,378.9,2025-10-29 08:44:19,512,512,512x512
CANNES_TILES_512x512.1917.png,423.89,2025-10-29 08:44:19,512,512,512x512
CANNES_TILES_512x512.1919.png,404.1,2025-10-29 08:44:19,512,512,512x512
CANNES_TILES_512x512.1922.png,398.67,2025-10-29 08:44:19,512,512,512x512
CANNES_TILES_512x512.1924.png,386.18,2025-10-29 08:44:19,512,512,512x512
CANNES_TILES_512x512.1925.png,390.87,2025-10-29 08:44:19,512,512,512x512
CANNES_TILES_512x512.1926.png,417.16,2025-10-29 08:44:19,512,512,512x512
CANNES_TILES_512x512.1927.png,394.53,2025-10-29 08:44:19,512,512,512x512
CANNES_TILES_512x512.1928.png,399.21,2025-10-29 08:44:19,512,512,512x512
CANNES_TILES_512x512.1929.png,393.85,2025-10-29 08:44:19,512,512,512x512
CANNES_TILES_512x512.1930.png,408.31,2025-10-29 08:44:19,512,512,512x512
CANNES_TILES_512x512.1931.png,400.0,2025-10-29 08:44:19,512,512,512x512
CANNES_TILES_512x512.1932.png,367.71,2025-10-29 08:44:19,512,512,512x512
CANNES_TILES_512x512.1934.png,394.5,2025-10-29 08:44:19,512,512,512x512
CANNES_TILES_512x512.1935.png,378.32,2025-10-29 08:44:19,512,512,512x512
CANNES_TILES_512x512.1936.png,380.74,2025-10-29 08:44:19,512,512,512x512
CANNES_TILES_512x512.1937.png,410.87,2025-10-29 08:44:19,512,512,512x512
CANNES_TILES_512x512.1938.png,387.76,2025-10-29 08:44:19,512,512,512x512
CANNES_TILES_512x512.1939.png,386.33,2025-10-29 08:44:19,512,512,512x512
CANNES_TILES_512x512.1940.png,386.37,2025-10-29 08:44:19,512,512,512x512
CANNES_TILES_512x512.1941.png,389.36,2025-10-29 08:44:19,512,512,512x512
CANNES_TILES_512x512.1942.png,391.2,2025-10-29 08:44:19,512,512,512x512
CANNES_TILES_512x512.1943.png,378.89,2025-10-29 08:44:19,512,512,512x512
CANNES_TILES_512x512.1944.png,412.54,2025-10-29 08:44:19,512,512,512x512
CANNES_TILES_512x512.1945.png,390.05,2025-10-29 08:44:19,512,512,512x512
CANNES_TILES_512x512.1947.png,389.53,2025-10-29 08:44:19,512,512,512x512
CANNES_TILES_512x512.1948.png,394.39,2025-10-29 08:44:19,512,512,512x512
CANNES_TILES_512x512.1951.png,412.68,2025-10-29 08:44:19,512,512,512x512
CANNES_TILES_512x512.1966.png,384.12,2025-10-29 08:44:19,512,512,512x512
CANNES_TILES_512x512.1967.png,401.24,2025-10-29 08:44:19,512,512,512x512
CANNES_TILES_512x512.1968.png,398.21,2025-10-29 08:44:19,512,512,512x512
CANNES_TILES_512x512.1969.png,384.04,2025-10-29 08:44:19,512,512,512x512
CANNES_TILES_512x512.1970.png,399.41,2025-10-29 08:44:19,512,512,512x512
CANNES_TILES_512x512.1971.png,425.29,2025-10-29 08:44:19,512,512,512x512
CANNES_TILES_512x512.1973.png,419.5,2025-10-29 08:44:19,512,512,512x512
CANNES_TILES_512x512.1974.png,410.97,2025-10-29 08:44:19,512,512,512x512
CANNES_TILES_512x512.1975.png,386.61,2025-10-29 08:44:19,512,512,512x512
CANNES_TILES_512x512.1976.png,420.8,2025-10-29 08:44:19,512,512,512x512
CANNES_TILES_512x512.1977.png,382.47,2025-10-29 08:44:19,512,512,512x512
CANNES_TILES_512x512.1978.png,400.7,2025-10-29 08:44:19,512,512,512x512
CANNES_TILES_512x512.1979.png,393.3,2025-10-29 08:44:19,512,512,512x512
CANNES_TILES_512x512.1980.png,415.37,2025-10-29 08:44:19,512,512,512x512
CANNES_TILES_512x512.1981.png,403.24,2025-10-29 08:44:19,512,512,512x512
CANNES_TILES_512x512.1983.png,385.74,2025-10-29 08:44:19,512,512,512x512
CANNES_TILES_512x512.1986.png,431.44,2025-10-29 08:44:19,512,512,512x512
CANNES_TILES_512x512.1987.png,421.17,2025-10-29 08:44:19,512,512,512x512
CANNES_TILES_512x512.1989.png,393.92,2025-10-29 08:44:19,512,512,512x512
CANNES_TILES_512x512.1990.png,401.84,2025-10-29 08:44:19,512,512,512x512
CANNES_TILES_512x512.1991.png,385.52,2025-10-29 08:44:19,512,512,512x512
CANNES_TILES_512x512.1993.png,362.4,2025-10-29 08:44:19,512,512,512x512
CANNES_TILES_512x512.20.png,416.47,2025-10-29 08:44:19,512,512,512x512
CANNES_TILES_512x512.2002.png,392.99,2025-10-29 08:44:19,512,512,512x512
CANNES_TILES_512x512.201.png,356.71,2025-10-29 08:44:19,512,512,512x512
CANNES_TILES_512x512.2014.png,381.59,2025-10-29 08:44:19,512,512,512x512
CANNES_TILES_512x512.2015.png,329.45,2025-10-29 08:44:19,512,512,512x512
CANNES_TILES_512x512.2016.png,345.54,2025-10-29 08:44:19,512,512,512x512
CANNES_TILES_512x512.2017.png,381.4,2025-10-29 08:44:19,512,512,512x512
CANNES_TILES_512x512.2018.png,401.69,2025-10-29 08:44:19,512,512,512x512
CANNES_TILES_512x512.2022.png,392.53,2025-10-29 08:44:19,512,512,512x512
CANNES_TILES_512x512.2023.png,423.23,2025-10-29 08:44:19,512,512,512x512
CANNES_TILES_512x512.2024.png,416.68,2025-10-29 08:44:19,512,512,512x512
CANNES_TILES_512x512.2026.png,385.46,2025-10-29 08:44:19,512,512,512x512
CANNES_TILES_512x512.2027.png,419.94,2025-10-29 08:44:19,512,512,512x512
CANNES_TILES_512x512.2028.png,413.17,2025-10-29 08:44:19,512,512,512x512
CANNES_TILES_512x512.2029.png,408.58,2025-10-29 08:44:19,512,512,512x512
CANNES_TILES_512x512.2030.png,397.45,2025-10-29 08:44:19,512,512,512x512
CANNES_TILES_512x512.2031.png,397.13,2025-10-29 08:44:19,512,512,512x512
CANNES_TILES_512x512.2033.png,420.78,2025-10-29 08:44:19,512,512,512x512
CANNES_TILES_512x512.2035.png,409.21,2025-10-29 08:44:19,512,512,512x512
CANNES_TILES_512x512.2036.png,402.28,2025-10-29 08:44:19,512,512,512x512
CANNES_TILES_512x512.2037.png,416.4,2025-10-29 08:44:19,512,512,512x512
CANNES_TILES_512x512.2038.png,383.96,2025-10-29 08:44:19,512,512,512x512
CANNES_TILES_512x512.2039.png,405.04,2025-10-29 08:44:19,512,512,512x512
CANNES_TILES_512x512.2040.png,380.08,2025-10-29 08:44:19,512,512,512x512
CANNES_TILES_512x512.2042.png,363.88,2025-10-29 08:44:19,512,512,512x512
CANNES_TILES_512x512.2043.png,387.34,2025-10-29 08:44:19,512,512,512x512
CANNES_TILES_512x512.2045.png,380.51,2025-10-29 08:44:19,512,512,512x512
CANNES_TILES_512x512.2046.png,415.44,2025-10-29 08:44:19,512,512,512x512
CANNES_TILES_512x512.205.png,367.87,2025-10-29 08:44:19,512,512,512x512
CANNES_TILES_512x512.2055.png,373.96,2025-10-29 08:44:19,512,512,512x512
CANNES_TILES_512x512.206.png,396.51,2025-10-29 08:44:19,512,512,512x512
CANNES_TILES_512x512.2062.png,344.59,2025-10-29 08:44:19,512,512,512x512
CANNES_TILES_512x512.2066.png,354.22,2025-10-29 08:44:19,512,512,512x512
CANNES_TILES_512x512.2067.png,367.3,2025-10-29 08:44:19,512,512,512x512
CANNES_TILES_512x512.2069.png,393.19,2025-10-29 08:44:19,512,512,512x512
CANNES_TILES_512x512.207.png,409.06,2025-10-29 08:44:19,512,512,512x512
CANNES_TILES_512x512.2070.png,354.03,2025-10-29 08:44:19,512,512,512x512
CANNES_TILES_512x512.2072.png,400.02,2025-10-29 08:44:19,512,512,512x512
CANNES_TILES_512x512.2075.png,417.61,2025-10-29 08:44:19,512,512,512x512
CANNES_TILES_512x512.2076.png,414.98,2025-10-29 08:44:19,512,512,512x512
CANNES_TILES_512x512.2077.png,423.39,2025-10-29 08:44:19,512,512,512x512
CANNES_TILES_512x512.2078.png,419.87,2025-10-29 08:44:19,512,512,512x512
CANNES_TILES_512x512.2079.png,402.22,2025-10-29 08:44:19,512,512,512x512
CANNES_TILES_512x512.208.png,398.37,2025-10-29 08:44:19,512,512,512x512
CANNES_TILES_512x512.2081.png,385.27,2025-10-29 08:44:19,512,512,512x512
CANNES_TILES_512x512.2082.png,386.23,2025-10-29 08:44:19,512,512,512x512
CANNES_TILES_512x512.2083.png,402.25,2025-10-29 08:44:19,512,512,512x512
CANNES_TILES_512x512.2084.png,389.78,2025-10-29 08:44:19,512,512,512x512
CANNES_TILES_512x512.2085.png,394.75,2025-10-29 08:44:19,512,512,512x512
CANNES_TILES_512x512.2086.png,399.49,2025-10-29 08:44:19,512,512,512x512
CANNES_TILES_512x512.2087.png,402.2,2025-10-29 08:44:19,512,512,512x512
CANNES_TILES_512x512.2088.png,381.9,2025-10-29 08:44:19,512,512,512x512
CANNES_TILES_512x512.209.png,366.94,2025-10-29 08:44:19,512,512,512x512
CANNES_TILES_512x512.2090.png,355.5,2025-10-29 08:44:19,512,512,512x512
CANNES_TILES_512x512.2095.png,419.1,2025-10-29 08:44:19,512,512,512x512
CANNES_TILES_512x512.21.png,390.39,2025-10-29 08:44:19,512,512,512x512
CANNES_TILES_512x512.210.png,347.1,2025-10-29 08:44:19,512,512,512x512
CANNES_TILES_512x512.2109.png,381.82,2025-10-29 08:44:19,512,512,512x512
CANNES_TILES_512x512.211.png,346.58,2025-10-29 08:44:19,512,512,512x512
CANNES_TILES_512x512.2114.png,330.26,2025-10-29 08:44:19,512,512,512x512
CANNES_TILES_512x512.2118.png,383.66,2025-10-29 08:44:19,512,512,512x512
CANNES_TILES_512x512.2119.png,362.85,2025-10-29 08:44:19,512,512,512x512
CANNES_TILES_512x512.212.png,409.49,2025-10-29 08:44:19,512,512,512x512
CANNES_TILES_512x512.2126.png,403.24,2025-10-29 08:44:19,512,512,512x512
CANNES_TILES_512x512.2127.png,407.18,2025-10-29 08:44:19,512,512,512x512
CANNES_TILES_512x512.2128.png,416.95,2025-10-29 08:44:19,512,512,512x512
CANNES_TILES_512x512.213.png,411.19,2025-10-29 08:44:19,512,512,512x512
CANNES_TILES_512x512.2130.png,364.98,2025-10-29 08:44:19,512,512,512x512
CANNES_TILES_512x512.2132.png,396.55,2025-10-29 08:44:19,512,512,512x512
CANNES_TILES_512x512.2134.png,383.48,2025-10-29 08:44:19,512,512,512x512
CANNES_TILES_512x512.2135.png,389.64,2025-10-29 08:44:19,512,512,512x512
CANNES_TILES_512x512.2139.png,353.51,2025-10-29 08:44:19,512,512,512x512
CANNES_TILES_512x512.214.png,435.44,2025-10-29 08:44:19,512,512,512x512
CANNES_TILES_512x512.2140.png,355.68,2025-10-29 08:44:19,512,512,512x512
CANNES_TILES_512x512.2141.png,371.66,2025-10-29 08:44:19,512,512,512x512
CANNES_TILES_512x512.2143.png,404.83,2025-10-29 08:44:19,512,512,512x512
CANNES_TILES_512x512.2144.png,410.88,2025-10-29 08:44:19,512,512,512x512
CANNES_TILES_512x512.215.png,420.22,2025-10-29 08:44:19,512,512,512x512
CANNES_TILES_512x512.2157.png,369.4,2025-10-29 08:44:19,512,512,512x512
CANNES_TILES_512x512.2158.png,364.2,2025-10-29 08:44:19,512,512,512x512
CANNES_TILES_512x512.216.png,396.67,2025-10-29 08:44:19,512,512,512x512
CANNES_TILES_512x512.2162.png,360.16,2025-10-29 08:44:19,512,512,512x512
CANNES_TILES_512x512.217.png,384.99,2025-10-29 08:44:20,512,512,512x512
CANNES_TILES_512x512.2172.png,385.62,2025-10-29 08:44:20,512,512,512x512
CANNES_TILES_512x512.2175.png,395.54,2025-10-29 08:44:20,512,512,512x512
CANNES_TILES_512x512.2176.png,399.62,2025-10-29 08:44:20,512,512,512x512
CANNES_TILES_512x512.2177.png,380.36,2025-10-29 08:44:20,512,512,512x512
CANNES_TILES_512x512.2178.png,399.45,2025-10-29 08:44:20,512,512,512x512
CANNES_TILES_512x512.2179.png,353.9,2025-10-29 08:44:20,512,512,512x512
CANNES_TILES_512x512.218.png,387.04,2025-10-29 08:44:20,512,512,512x512
CANNES_TILES_512x512.2180.png,357.96,2025-10-29 08:44:20,512,512,512x512
CANNES_TILES_512x512.2181.png,379.62,2025-10-29 08:44:20,512,512,512x512
CANNES_TILES_512x512.2182.png,361.13,2025-10-29 08:44:20,512,512,512x512
CANNES_TILES_512x512.2183.png,362.58,2025-10-29 08:44:20,512,512,512x512
CANNES_TILES_512x512.2185.png,344.07,2025-10-29 08:44:20,512,512,512x512
CANNES_TILES_512x512.2186.png,351.6,2025-10-29 08:44:20,512,512,512x512
CANNES_TILES_512x512.2189.png,318.72,2025-10-29 08:44:20,512,512,512x512
CANNES_TILES_512x512.219.png,371.54,2025-10-29 08:44:20,512,512,512x512
CANNES_TILES_512x512.2190.png,350.04,2025-10-29 08:44:20,512,512,512x512
CANNES_TILES_512x512.2196.png,366.17,2025-10-29 08:44:20,512,512,512x512
CANNES_TILES_512x512.22.png,397.87,2025-10-29 08:44:20,512,512,512x512
CANNES_TILES_512x512.220.png,393.38,2025-10-29 08:44:20,512,512,512x512
CANNES_TILES_512x512.221.png,392.7,2025-10-29 08:44:20,512,512,512x512
CANNES_TILES_512x512.2215.png,377.75,2025-10-29 08:44:20,512,512,512x512
CANNES_TILES_512x512.2216.png,397.22,2025-10-29 08:44:20,512,512,512x512
CANNES_TILES_512x512.2217.png,358.71,2025-10-29 08:44:20,512,512,512x512
CANNES_TILES_512x512.2219.png,335.62,2025-10-29 08:44:20,512,512,512x512
CANNES_TILES_512x512.222.png,394.9,2025-10-29 08:44:20,512,512,512x512
CANNES_TILES_512x512.2223.png,346.98,2025-10-29 08:44:20,512,512,512x512
CANNES_TILES_512x512.2225.png,377.08,2025-10-29 08:44:20,512,512,512x512
CANNES_TILES_512x512.2226.png,372.77,2025-10-29 08:44:20,512,512,512x512
CANNES_TILES_512x512.226.png,325.97,2025-10-29 08:44:20,512,512,512x512
CANNES_TILES_512x512.2264.png,384.15,2025-10-29 08:44:20,512,512,512x512
CANNES_TILES_512x512.2268.png,356.19,2025-10-29 08:44:20,512,512,512x512
CANNES_TILES_512x512.2269.png,359.88,2025-10-29 08:44:20,512,512,512x512
CANNES_TILES_512x512.229.png,332.67,2025-10-29 08:44:20,512,512,512x512
CANNES_TILES_512x512.23.png,370.84,2025-10-29 08:44:20,512,512,512x512
CANNES_TILES_512x512.231.png,357.05,2025-10-29 08:44:20,512,512,512x512
CANNES_TILES_512x512.2310.png,328.17,2025-10-29 08:44:20,512,512,512x512
CANNES_TILES_512x512.2316.png,353.5,2025-10-29 08:44:20,512,512,512x512
CANNES_TILES_512x512.2317.png,346.95,2025-10-29 08:44:20,512,512,512x512
CANNES_TILES_512x512.232.png,399.67,2025-10-29 08:44:20,512,512,512x512
CANNES_TILES_512x512.233.png,395.56,2025-10-29 08:44:20,512,512,512x512
CANNES_TILES_512x512.234.png,400.53,2025-10-29 08:44:20,512,512,512x512
CANNES_TILES_512x512.236.png,385.47,2025-10-29 08:44:20,512,512,512x512
CANNES_TILES_512x512.237.png,388.84,2025-10-29 08:44:20,512,512,512x512
CANNES_TILES_512x512.238.png,403.24,2025-10-29 08:44:20,512,512,512x512
CANNES_TILES_512x512.239.png,376.45,2025-10-29 08:44:20,512,512,512x512
CANNES_TILES_512x512.24.png,390.83,2025-10-29 08:44:20,512,512,512x512
CANNES_TILES_512x512.244.png,295.34,2025-10-29 08:44:20,424,512,424x512
CANNES_TILES_512x512.249.png,353.13,2025-10-29 08:44:20,512,512,512x512
CANNES_TILES_512x512.25.png,409.04,2025-10-29 08:44:20,512,512,512x512
CANNES_TILES_512x512.251.png,324.93,2025-10-29 08:44:20,512,512,512x512
CANNES_TILES_512x512.252.png,326.97,2025-10-29 08:44:20,512,512,512x512
CANNES_TILES_512x512.253.png,321.35,2025-10-29 08:44:20,512,512,512x512
CANNES_TILES_512x512.255.png,393.53,2025-10-29 08:44:20,512,512,512x512
CANNES_TILES_512x512.256.png,388.44,2025-10-29 08:44:20,512,512,512x512
CANNES_TILES_512x512.257.png,382.96,2025-10-29 08:44:20,512,512,512x512
CANNES_TILES_512x512.258.png,366.29,2025-10-29 08:44:20,512,512,512x512
CANNES_TILES_512x512.26.png,406.43,2025-10-29 08:44:20,512,512,512x512
CANNES_TILES_512x512.260.png,389.23,2025-10-29 08:44:20,512,512,512x512
CANNES_TILES_512x512.261.png,391.25,2025-10-29 08:44:20,512,512,512x512
CANNES_TILES_512x512.262.png,411.48,2025-10-29 08:44:20,512,512,512x512
CANNES_TILES_512x512.263.png,425.37,2025-10-29 08:44:20,512,512,512x512
CANNES_TILES_512x512.264.png,382.16,2025-10-29 08:44:20,512,512,512x512
CANNES_TILES_512x512.265.png,378.57,2025-10-29 08:44:20,512,512,512x512
CANNES_TILES_512x512.266.png,377.11,2025-10-29 08:44:20,512,512,512x512
CANNES_TILES_512x512.267.png,382.48,2025-10-29 08:44:20,512,512,512x512
CANNES_TILES_512x512.268.png,377.52,2025-10-29 08:44:20,512,512,512x512
CANNES_TILES_512x512.269.png,387.45,2025-10-29 08:44:20,512,512,512x512
CANNES_TILES_512x512.27.png,410.68,2025-10-29 08:44:20,512,512,512x512
CANNES_TILES_512x512.270.png,407.66,2025-10-29 08:44:20,512,512,512x512
CANNES_TILES_512x512.271.png,379.61,2025-10-29 08:44:20,512,512,512x512
CANNES_TILES_512x512.274.png,337.57,2025-10-29 08:44:20,512,512,512x512
CANNES_TILES_512x512.275.png,361.69,2025-10-29 08:44:20,512,512,512x512
CANNES_TILES_512x512.276.png,384.91,2025-10-29 08:44:20,512,512,512x512
CANNES_TILES_512x512.277.png,340.27,2025-10-29 08:44:20,512,512,512x512
CANNES_TILES_512x512.282.png,403.68,2025-10-29 08:44:20,512,512,512x512
CANNES_TILES_512x512.283.png,391.58,2025-10-29 08:44:20,512,512,512x512
CANNES_TILES_512x512.285.png,378.9,2025-10-29 08:44:20,512,512,512x512
CANNES_TILES_512x512.287.png,378.09,2025-10-29 08:44:20,512,512,512x512
CANNES_TILES_512x512.29.png,391.39,2025-10-29 08:44:20,512,512,512x512
CANNES_TILES_512x512.290.png,389.96,2025-10-29 08:44:20,512,512,512x512
CANNES_TILES_512x512.299.png,361.67,2025-10-29 08:44:20,512,512,512x512
CANNES_TILES_512x512.301.png,345.8,2025-10-29 08:44:20,512,512,512x512
CANNES_TILES_512x512.306.png,395.09,2025-10-29 08:44:20,512,512,512x512
CANNES_TILES_512x512.309.png,346.12,2025-10-29 08:44:20,512,512,512x512
CANNES_TILES_512x512.310.png,396.73,2025-10-29 08:44:20,512,512,512x512
CANNES_TILES_512x512.311.png,403.14,2025-10-29 08:44:20,512,512,512x512
CANNES_TILES_512x512.312.png,361.41,2025-10-29 08:44:20,512,512,512x512
CANNES_TILES_512x512.313.png,389.79,2025-10-29 08:44:20,512,512,512x512
CANNES_TILES_512x512.314.png,379.39,2025-10-29 08:44:20,512,512,512x512
CANNES_TILES_512x512.315.png,396.19,2025-10-29 08:44:20,512,512,512x512
CANNES_TILES_512x512.316.png,370.18,2025-10-29 08:44:20,512,512,512x512
CANNES_TILES_512x512.317.png,373.37,2025-10-29 08:44:20,512,512,512x512
CANNES_TILES_512x512.318.png,397.39,2025-10-29 08:44:20,512,512,512x512
CANNES_TILES_512x512.319.png,388.06,2025-10-29 08:44:20,512,512,512x512
CANNES_TILES_512x512.32.png,376.99,2025-10-29 08:44:20,512,512,512x512
CANNES_TILES_512x512.320.png,402.31,2025-10-29 08:44:20,512,512,512x512
CANNES_TILES_512x512.321.png,399.33,2025-10-29 08:44:20,512,512,512x512
CANNES_TILES_512x512.322.png,368.29,2025-10-29 08:44:20,512,512,512x512
CANNES_TILES_512x512.323.png,384.03,2025-10-29 08:44:20,512,512,512x512
CANNES_TILES_512x512.324.png,369.94,2025-10-29 08:44:20,512,512,512x512
CANNES_TILES_512x512.325.png,395.73,2025-10-29 08:44:20,512,512,512x512
CANNES_TILES_512x512.326.png,398.96,2025-10-29 08:44:20,512,512,512x512
CANNES_TILES_512x512.328.png,395.95,2025-10-29 08:44:20,512,512,512x512
CANNES_TILES_512x512.33.png,391.5,2025-10-29 08:44:20,512,512,512x512
CANNES_TILES_512x512.331.png,414.84,2025-10-29 08:44:20,512,512,512x512
CANNES_TILES_512x512.332.png,385.28,2025-10-29 08:44:20,512,512,512x512
CANNES_TILES_512x512.333.png,387.91,2025-10-29 08:44:20,512,512,512x512
CANNES_TILES_512x512.334.png,383.78,2025-10-29 08:44:20,512,512,512x512
CANNES_TILES_512x512.335.png,395.02,2025-10-29 08:44:20,512,512,512x512
CANNES_TILES_512x512.336.png,394.37,2025-10-29 08:44:20,512,512,512x512
CANNES_TILES_512x512.339.png,387.87,2025-10-29 08:44:20,512,512,512x512
CANNES_TILES_512x512.34.png,400.9,2025-10-29 08:44:20,512,512,512x512
CANNES_TILES_512x512.340.png,394.32,2025-10-29 08:44:20,512,512,512x512
CANNES_TILES_512x512.348.png,373.28,2025-10-29 08:44:20,512,512,512x512
CANNES_TILES_512x512.35.png,383.37,2025-10-29 08:44:20,512,512,512x512
CANNES_TILES_512x512.354.png,382.42,2025-10-29 08:44:20,512,512,512x512
CANNES_TILES_512x512.355.png,376.37,2025-10-29 08:44:20,512,512,512x512
CANNES_TILES_512x512.358.png,382.11,2025-10-29 08:44:20,512,512,512x512
CANNES_TILES_512x512.359.png,412.57,2025-10-29 08:44:20,512,512,512x512
CANNES_TILES_512x512.36.png,366.69,2025-10-29 08:44:20,512,512,512x512
CANNES_TILES_512x512.360.png,395.18,2025-10-29 08:44:20,512,512,512x512
CANNES_TILES_512x512.361.png,416.76,2025-10-29 08:44:20,512,512,512x512
CANNES_TILES_512x512.362.png,412.04,2025-10-29 08:44:20,512,512,512x512
CANNES_TILES_512x512.363.png,390.11,2025-10-29 08:44:20,512,512,512x512
CANNES_TILES_512x512.364.png,408.08,2025-10-29 08:44:20,512,512,512x512
CANNES_TILES_512x512.365.png,384.42,2025-10-29 08:44:20,512,512,512x512
CANNES_TILES_512x512.366.png,381.53,2025-10-29 08:44:20,512,512,512x512
CANNES_TILES_512x512.367.png,388.19,2025-10-29 08:44:20,512,512,512x512
CANNES_TILES_512x512.368.png,391.27,2025-10-29 08:44:20,512,512,512x512
CANNES_TILES_512x512.369.png,403.82,2025-10-29 08:44:20,512,512,512x512
CANNES_TILES_512x512.37.png,392.23,2025-10-29 08:44:20,512,512,512x512
CANNES_TILES_512x512.370.png,412.15,2025-10-29 08:44:20,512,512,512x512
CANNES_TILES_512x512.371.png,371.22,2025-10-29 08:44:20,512,512,512x512
CANNES_TILES_512x512.372.png,385.69,2025-10-29 08:44:20,512,512,512x512
CANNES_TILES_512x512.374.png,384.01,2025-10-29 08:44:20,512,512,512x512
CANNES_TILES_512x512.375.png,396.46,2025-10-29 08:44:20,512,512,512x512
CANNES_TILES_512x512.376.png,414.37,2025-10-29 08:44:20,512,512,512x512
CANNES_TILES_512x512.378.png,399.9,2025-10-29 08:44:20,512,512,512x512
CANNES_TILES_512x512.38.png,391.18,2025-10-29 08:44:20,512,512,512x512
CANNES_TILES_512x512.381.png,402.57,2025-10-29 08:44:20,512,512,512x512
CANNES_TILES_512x512.382.png,361.52,2025-10-29 08:44:20,512,512,512x512
CANNES_TILES_512x512.384.png,396.56,2025-10-29 08:44:20,512,512,512x512
CANNES_TILES_512x512.385.png,407.75,2025-10-29 08:44:20,512,512,512x512
CANNES_TILES_512x512.389.png,371.92,2025-10-29 08:44:20,512,512,512x512
CANNES_TILES_512x512.39.png,387.99,2025-10-29 08:44:20,512,512,512x512
CANNES_TILES_512x512.390.png,398.48,2025-10-29 08:44:20,512,512,512x512
CANNES_TILES_512x512.391.png,350.64,2025-10-29 08:44:20,424,512,424x512
CANNES_TILES_512x512.40.png,365.48,2025-10-29 08:44:20,512,512,512x512
CANNES_TILES_512x512.403.png,403.69,2025-10-29 08:44:20,512,512,512x512
CANNES_TILES_512x512.404.png,365.51,2025-10-29 08:44:20,512,512,512x512
CANNES_TILES_512x512.405.png,390.25,2025-10-29 08:44:20,512,512,512x512
CANNES_TILES_512x512.407.png,372.5,2025-10-29 08:44:20,512,512,512x512
CANNES_TILES_512x512.408.png,419.21,2025-10-29 08:44:20,512,512,512x512
CANNES_TILES_512x512.409.png,379.35,2025-10-29 08:44:20,512,512,512x512
CANNES_TILES_512x512.410.png,392.79,2025-10-29 08:44:20,512,512,512x512
CANNES_TILES_512x512.411.png,387.65,2025-10-29 08:44:20,512,512,512x512
CANNES_TILES_512x512.412.png,374.09,2025-10-29 08:44:20,512,512,512x512
CANNES_TILES_512x512.413.png,389.38,2025-10-29 08:44:20,512,512,512x512
CANNES_TILES_512x512.414.png,399.93,2025-10-29 08:44:20,512,512,512x512
CANNES_TILES_512x512.415.png,374.07,2025-10-29 08:44:20,512,512,512x512
CANNES_TILES_512x512.416.png,400.94,2025-10-29 08:44:20,512,512,512x512
CANNES_TILES_512x512.417.png,408.94,2025-10-29 08:44:20,512,512,512x512
CANNES_TILES_512x512.418.png,412.6,2025-10-29 08:44:20,512,512,512x512
CANNES_TILES_512x512.419.png,402.21,2025-10-29 08:44:20,512,512,512x512
CANNES_TILES_512x512.420.png,390.51,2025-10-29 08:44:20,512,512,512x512
CANNES_TILES_512x512.421.png,377.63,2025-10-29 08:44:20,512,512,512x512
CANNES_TILES_512x512.422.png,389.5,2025-10-29 08:44:20,512,512,512x512
CANNES_TILES_512x512.423.png,383.83,2025-10-29 08:44:20,512,512,512x512
CANNES_TILES_512x512.424.png,375.35,2025-10-29 08:44:20,512,512,512x512
CANNES_TILES_512x512.425.png,416.94,2025-10-29 08:44:20,512,512,512x512
CANNES_TILES_512x512.426.png,420.44,2025-10-29 08:44:20,512,512,512x512
CANNES_TILES_512x512.427.png,413.37,2025-10-29 08:44:20,512,512,512x512
CANNES_TILES_512x512.430.png,395.22,2025-10-29 08:44:20,512,512,512x512
CANNES_TILES_512x512.431.png,408.83,2025-10-29 08:44:20,512,512,512x512
CANNES_TILES_512x512.433.png,380.55,2025-10-29 08:44:20,512,512,512x512
CANNES_TILES_512x512.434.png,355.79,2025-10-29 08:44:20,512,512,512x512
CANNES_TILES_512x512.436.png,404.12,2025-10-29 08:44:20,512,512,512x512
CANNES_TILES_512x512.438.png,420.46,2025-10-29 08:44:20,512,512,512x512
CANNES_TILES_512x512.439.png,417.25,2025-10-29 08:44:20,512,512,512x512
CANNES_TILES_512x512.44.png,381.75,2025-10-29 08:44:20,512,512,512x512
CANNES_TILES_512x512.440.png,334.71,2025-10-29 08:44:20,424,512,424x512
CANNES_TILES_512x512.451.png,349.42,2025-10-29 08:44:20,512,512,512x512
CANNES_TILES_512x512.452.png,412.46,2025-10-29 08:44:20,512,512,512x512
CANNES_TILES_512x512.453.png,374.55,2025-10-29 08:44:20,512,512,512x512
CANNES_TILES_512x512.454.png,409.04,2025-10-29 08:44:20,512,512,512x512
CANNES_TILES_512x512.455.png,375.51,2025-10-29 08:44:20,512,512,512x512
CANNES_TILES_512x512.456.png,382.43,2025-10-29 08:44:20,512,512,512x512
CANNES_TILES_512x512.457.png,413.04,2025-10-29 08:44:20,512,512,512x512
CANNES_TILES_512x512.458.png,373.24,2025-10-29 08:44:20,512,512,512x512
CANNES_TILES_512x512.459.png,413.99,2025-10-29 08:44:20,512,512,512x512
CANNES_TILES_512x512.46.png,375.67,2025-10-29 08:44:20,512,512,512x512
CANNES_TILES_512x512.460.png,393.28,2025-10-29 08:44:20,512,512,512x512
CANNES_TILES_512x512.461.png,408.55,2025-10-29 08:44:20,512,512,512x512
CANNES_TILES_512x512.462.png,419.86,2025-10-29 08:44:20,512,512,512x512
CANNES_TILES_512x512.463.png,404.92,2025-10-29 08:44:20,512,512,512x512
CANNES_TILES_512x512.464.png,393.79,2025-10-29 08:44:20,512,512,512x512
CANNES_TILES_512x512.465.png,411.38,2025-10-29 08:44:20,512,512,512x512
CANNES_TILES_512x512.466.png,401.44,2025-10-29 08:44:20,512,512,512x512
CANNES_TILES_512x512.467.png,379.53,2025-10-29 08:44:20,512,512,512x512
CANNES_TILES_512x512.468.png,375.11,2025-10-29 08:44:20,512,512,512x512
CANNES_TILES_512x512.469.png,384.68,2025-10-29 08:44:20,512,512,512x512
CANNES_TILES_512x512.47.png,407.47,2025-10-29 08:44:20,512,512,512x512
CANNES_TILES_512x512.470.png,386.69,2025-10-29 08:44:20,512,512,512x512
CANNES_TILES_512x512.471.png,406.57,2025-10-29 08:44:20,512,512,512x512
CANNES_TILES_512x512.472.png,403.18,2025-10-29 08:44:20,512,512,512x512
CANNES_TILES_512x512.473.png,402.32,2025-10-29 08:44:20,512,512,512x512
CANNES_TILES_512x512.475.png,413.96,2025-10-29 08:44:20,512,512,512x512
CANNES_TILES_512x512.476.png,409.23,2025-10-29 08:44:20,512,512,512x512
CANNES_TILES_512x512.48.png,308.68,2025-10-29 08:44:20,424,512,424x512
CANNES_TILES_512x512.480.png,441.36,2025-10-29 08:44:20,512,512,512x512
CANNES_TILES_512x512.481.png,438.07,2025-10-29 08:44:20,512,512,512x512
CANNES_TILES_512x512.485.png,426.43,2025-10-29 08:44:20,512,512,512x512
CANNES_TILES_512x512.486.png,418.52,2025-10-29 08:44:20,512,512,512x512
CANNES_TILES_512x512.487.png,429.53,2025-10-29 08:44:20,512,512,512x512
CANNES_TILES_512x512.488.png,395.22,2025-10-29 08:44:20,512,512,512x512
CANNES_TILES_512x512.489.png,319.57,2025-10-29 08:44:20,424,512,424x512
CANNES_TILES_512x512.490.png,400.86,2025-10-29 08:44:20,512,512,512x512
CANNES_TILES_512x512.491.png,390.52,2025-10-29 08:44:20,512,512,512x512
CANNES_TILES_512x512.499.png,345.04,2025-10-29 08:44:20,512,512,512x512
CANNES_TILES_512x512.501.png,379.15,2025-10-29 08:44:20,512,512,512x512
CANNES_TILES_512x512.502.png,402.05,2025-10-29 08:44:20,512,512,512x512
CANNES_TILES_512x512.503.png,380.94,2025-10-29 08:44:20,512,512,512x512
CANNES_TILES_512x512.504.png,401.63,2025-10-29 08:44:20,512,512,512x512
CANNES_TILES_512x512.505.png,399.16,2025-10-29 08:44:20,512,512,512x512
CANNES_TILES_512x512.506.png,402.69,2025-10-29 08:44:20,512,512,512x512
CANNES_TILES_512x512.507.png,369.13,2025-10-29 08:44:20,512,512,512x512
CANNES_TILES_512x512.508.png,393.49,2025-10-29 08:44:20,512,512,512x512
CANNES_TILES_512x512.509.png,405.29,2025-10-29 08:44:20,512,512,512x512
CANNES_TILES_512x512.510.png,389.3,2025-10-29 08:44:20,512,512,512x512
CANNES_TILES_512x512.512.png,394.16,2025-10-29 08:44:20,512,512,512x512
CANNES_TILES_512x512.513.png,395.47,2025-10-29 08:44:20,512,512,512x512
CANNES_TILES_512x512.514.png,412.59,2025-10-29 08:44:20,512,512,512x512
CANNES_TILES_512x512.515.png,419.6,2025-10-29 08:44:20,512,512,512x512
CANNES_TILES_512x512.516.png,389.61,2025-10-29 08:44:20,512,512,512x512
CANNES_TILES_512x512.517.png,376.18,2025-10-29 08:44:20,512,512,512x512
CANNES_TILES_512x512.518.png,373.29,2025-10-29 08:44:20,512,512,512x512
CANNES_TILES_512x512.519.png,345.06,2025-10-29 08:44:20,512,512,512x512
CANNES_TILES_512x512.520.png,355.8,2025-10-29 08:44:20,512,512,512x512
CANNES_TILES_512x512.521.png,415.56,2025-10-29 08:44:20,512,512,512x512
CANNES_TILES_512x512.522.png,426.36,2025-10-29 08:44:20,512,512,512x512
CANNES_TILES_512x512.523.png,417.33,2025-10-29 08:44:20,512,512,512x512
CANNES_TILES_512x512.526.png,384.0,2025-10-29 08:44:21,512,512,512x512
CANNES_TILES_512x512.528.png,407.0,2025-10-29 08:44:21,512,512,512x512
CANNES_TILES_512x512.529.png,422.83,2025-10-29 08:44:21,512,512,512x512
CANNES_TILES_512x512.530.png,432.26,2025-10-29 08:44:21,512,512,512x512
CANNES_TILES_512x512.531.png,420.88,2025-10-29 08:44:21,512,512,512x512
CANNES_TILES_512x512.532.png,394.89,2025-10-29 08:44:21,512,512,512x512
CANNES_TILES_512x512.533.png,427.09,2025-10-29 08:44:21,512,512,512x512
CANNES_TILES_512x512.534.png,425.1,2025-10-29 08:44:21,512,512,512x512
CANNES_TILES_512x512.535.png,434.45,2025-10-29 08:44:21,512,512,512x512
CANNES_TILES_512x512.536.png,387.19,2025-10-29 08:44:21,512,512,512x512
CANNES_TILES_512x512.538.png,335.28,2025-10-29 08:44:21,424,512,424x512
CANNES_TILES_512x512.551.png,407.37,2025-10-29 08:44:21,512,512,512x512
CANNES_TILES_512x512.552.png,418.5,2025-10-29 08:44:21,512,512,512x512
CANNES_TILES_512x512.553.png,414.72,2025-10-29 08:44:21,512,512,512x512
CANNES_TILES_512x512.554.png,403.31,2025-10-29 08:44:21,512,512,512x512
CANNES_TILES_512x512.555.png,397.8,2025-10-29 08:44:21,512,512,512x512
CANNES_TILES_512x512.556.png,407.87,2025-10-29 08:44:21,512,512,512x512
CANNES_TILES_512x512.557.png,401.31,2025-10-29 08:44:21,512,512,512x512
CANNES_TILES_512x512.558.png,410.47,2025-10-29 08:44:21,512,512,512x512
CANNES_TILES_512x512.560.png,406.77,2025-10-29 08:44:21,512,512,512x512
CANNES_TILES_512x512.561.png,412.85,2025-10-29 08:44:21,512,512,512x512
CANNES_TILES_512x512.562.png,374.55,2025-10-29 08:44:21,512,512,512x512
CANNES_TILES_512x512.563.png,410.77,2025-10-29 08:44:21,512,512,512x512
CANNES_TILES_512x512.564.png,404.65,2025-10-29 08:44:21,512,512,512x512
CANNES_TILES_512x512.568.png,362.43,2025-10-29 08:44:21,512,512,512x512
CANNES_TILES_512x512.569.png,360.27,2025-10-29 08:44:21,512,512,512x512
CANNES_TILES_512x512.570.png,371.29,2025-10-29 08:44:21,512,512,512x512
CANNES_TILES_512x512.571.png,413.34,2025-10-29 08:44:21,512,512,512x512
CANNES_TILES_512x512.573.png,370.51,2025-10-29 08:44:21,512,512,512x512
CANNES_TILES_512x512.574.png,381.25,2025-10-29 08:44:21,512,512,512x512
CANNES_TILES_512x512.575.png,356.34,2025-10-29 08:44:21,512,512,512x512
CANNES_TILES_512x512.579.png,423.05,2025-10-29 08:44:21,512,512,512x512
CANNES_TILES_512x512.580.png,423.4,2025-10-29 08:44:21,512,512,512x512
CANNES_TILES_512x512.581.png,405.31,2025-10-29 08:44:21,512,512,512x512
CANNES_TILES_512x512.582.png,413.47,2025-10-29 08:44:21,512,512,512x512
CANNES_TILES_512x512.583.png,413.22,2025-10-29 08:44:21,512,512,512x512
CANNES_TILES_512x512.584.png,427.31,2025-10-29 08:44:21,512,512,512x512
CANNES_TILES_512x512.585.png,400.73,2025-10-29 08:44:21,512,512,512x512
CANNES_TILES_512x512.587.png,345.54,2025-10-29 08:44:21,424,512,424x512
CANNES_TILES_512x512.588.png,387.91,2025-10-29 08:44:21,512,512,512x512
CANNES_TILES_512x512.59.png,395.31,2025-10-29 08:44:21,512,512,512x512
CANNES_TILES_512x512.597.png,375.49,2025-10-29 08:44:21,512,512,512x512
CANNES_TILES_512x512.60.png,432.58,2025-10-29 08:44:21,512,512,512x512
CANNES_TILES_512x512.600.png,396.4,2025-10-29 08:44:21,512,512,512x512
CANNES_TILES_512x512.601.png,425.49,2025-10-29 08:44:21,512,512,512x512
CANNES_TILES_512x512.602.png,417.87,2025-10-29 08:44:21,512,512,512x512
CANNES_TILES_512x512.603.png,393.21,2025-10-29 08:44:21,512,512,512x512
CANNES_TILES_512x512.604.png,421.1,2025-10-29 08:44:21,512,512,512x512
CANNES_TILES_512x512.605.png,420.56,2025-10-29 08:44:21,512,512,512x512
CANNES_TILES_512x512.606.png,405.05,2025-10-29 08:44:21,512,512,512x512
CANNES_TILES_512x512.607.png,400.71,2025-10-29 08:44:21,512,512,512x512
CANNES_TILES_512x512.608.png,416.08,2025-10-29 08:44:21,512,512,512x512
CANNES_TILES_512x512.609.png,430.29,2025-10-29 08:44:21,512,512,512x512
CANNES_TILES_512x512.61.png,425.9,2025-10-29 08:44:21,512,512,512x512
CANNES_TILES_512x512.610.png,403.21,2025-10-29 08:44:21,512,512,512x512
CANNES_TILES_512x512.611.png,390.96,2025-10-29 08:44:21,512,512,512x512
CANNES_TILES_512x512.617.png,403.18,2025-10-29 08:44:21,512,512,512x512
CANNES_TILES_512x512.618.png,412.11,2025-10-29 08:44:21,512,512,512x512
CANNES_TILES_512x512.619.png,392.49,2025-10-29 08:44:21,512,512,512x512
CANNES_TILES_512x512.62.png,411.49,2025-10-29 08:44:21,512,512,512x512
CANNES_TILES_512x512.620.png,393.37,2025-10-29 08:44:21,512,512,512x512
CANNES_TILES_512x512.621.png,408.02,2025-10-29 08:44:21,512,512,512x512
CANNES_TILES_512x512.627.png,393.46,2025-10-29 08:44:21,512,512,512x512
CANNES_TILES_512x512.628.png,436.49,2025-10-29 08:44:21,512,512,512x512
CANNES_TILES_512x512.629.png,435.42,2025-10-29 08:44:21,512,512,512x512
CANNES_TILES_512x512.630.png,422.26,2025-10-29 08:44:21,512,512,512x512
CANNES_TILES_512x512.631.png,411.69,2025-10-29 08:44:21,512,512,512x512
CANNES_TILES_512x512.632.png,410.18,2025-10-29 08:44:21,512,512,512x512
CANNES_TILES_512x512.633.png,422.02,2025-10-29 08:44:21,512,512,512x512
CANNES_TILES_512x512.634.png,408.9,2025-10-29 08:44:21,512,512,512x512
CANNES_TILES_512x512.635.png,396.96,2025-10-29 08:44:21,512,512,512x512
CANNES_TILES_512x512.636.png,361.34,2025-10-29 08:44:21,424,512,424x512
CANNES_TILES_512x512.637.png,348.17,2025-10-29 08:44:21,512,512,512x512
CANNES_TILES_512x512.64.png,374.12,2025-10-29 08:44:21,512,512,512x512
CANNES_TILES_512x512.649.png,392.67,2025-10-29 08:44:21,512,512,512x512
CANNES_TILES_512x512.65.png,424.04,2025-10-29 08:44:21,512,512,512x512
CANNES_TILES_512x512.650.png,413.37,2025-10-29 08:44:21,512,512,512x512
CANNES_TILES_512x512.651.png,425.2,2025-10-29 08:44:21,512,512,512x512
CANNES_TILES_512x512.652.png,403.08,2025-10-29 08:44:21,512,512,512x512
CANNES_TILES_512x512.653.png,370.39,2025-10-29 08:44:21,512,512,512x512
CANNES_TILES_512x512.654.png,361.23,2025-10-29 08:44:21,512,512,512x512
CANNES_TILES_512x512.656.png,396.13,2025-10-29 08:44:21,512,512,512x512
CANNES_TILES_512x512.657.png,424.0,2025-10-29 08:44:21,512,512,512x512
CANNES_TILES_512x512.658.png,433.06,2025-10-29 08:44:21,512,512,512x512
CANNES_TILES_512x512.66.png,402.02,2025-10-29 08:44:21,512,512,512x512
CANNES_TILES_512x512.666.png,399.97,2025-10-29 08:44:21,512,512,512x512
CANNES_TILES_512x512.667.png,390.99,2025-10-29 08:44:21,512,512,512x512
CANNES_TILES_512x512.668.png,407.04,2025-10-29 08:44:21,512,512,512x512
CANNES_TILES_512x512.67.png,395.53,2025-10-29 08:44:21,512,512,512x512
CANNES_TILES_512x512.670.png,382.96,2025-10-29 08:44:21,512,512,512x512
CANNES_TILES_512x512.673.png,400.71,2025-10-29 08:44:21,512,512,512x512
CANNES_TILES_512x512.674.png,386.06,2025-10-29 08:44:21,512,512,512x512
CANNES_TILES_512x512.675.png,358.08,2025-10-29 08:44:21,512,512,512x512
CANNES_TILES_512x512.677.png,391.67,2025-10-29 08:44:21,512,512,512x512
CANNES_TILES_512x512.678.png,403.42,2025-10-29 08:44:21,512,512,512x512
CANNES_TILES_512x512.68.png,402.36,2025-10-29 08:44:21,512,512,512x512
CANNES_TILES_512x512.681.png,409.63,2025-10-29 08:44:21,512,512,512x512
CANNES_TILES_512x512.683.png,442.89,2025-10-29 08:44:21,512,512,512x512
CANNES_TILES_512x512.684.png,436.14,2025-10-29 08:44:21,512,512,512x512
CANNES_TILES_512x512.685.png,336.38,2025-10-29 08:44:21,424,512,424x512
CANNES_TILES_512x512.69.png,422.3,2025-10-29 08:44:21,512,512,512x512
CANNES_TILES_512x512.692.png,369.81,2025-10-29 08:44:21,512,512,512x512
CANNES_TILES_512x512.693.png,357.45,2025-10-29 08:44:21,512,512,512x512
CANNES_TILES_512x512.694.png,370.34,2025-10-29 08:44:21,512,512,512x512
CANNES_TILES_512x512.696.png,374.22,2025-10-29 08:44:21,512,512,512x512
CANNES_TILES_512x512.697.png,399.08,2025-10-29 08:44:21,512,512,512x512
CANNES_TILES_512x512.698.png,399.3,2025-10-29 08:44:21,512,512,512x512
CANNES_TILES_512x512.699.png,405.77,2025-10-29 08:44:21,512,512,512x512
CANNES_TILES_512x512.7.png,340.77,2025-10-29 08:44:21,512,512,512x512
CANNES_TILES_512x512.70.png,389.41,2025-10-29 08:44:21,512,512,512x512
CANNES_TILES_512x512.700.png,414.29,2025-10-29 08:44:21,512,512,512x512
CANNES_TILES_512x512.701.png,385.6,2025-10-29 08:44:21,512,512,512x512
CANNES_TILES_512x512.703.png,391.74,2025-10-29 08:44:21,512,512,512x512
CANNES_TILES_512x512.704.png,387.56,2025-10-29 08:44:21,512,512,512x512
CANNES_TILES_512x512.705.png,415.88,2025-10-29 08:44:21,512,512,512x512
CANNES_TILES_512x512.706.png,439.42,2025-10-29 08:44:21,512,512,512x512
CANNES_TILES_512x512.707.png,434.16,2025-10-29 08:44:21,512,512,512x512
CANNES_TILES_512x512.708.png,394.97,2025-10-29 08:44:21,512,512,512x512
CANNES_TILES_512x512.71.png,385.99,2025-10-29 08:44:21,512,512,512x512
CANNES_TILES_512x512.713.png,419.96,2025-10-29 08:44:21,512,512,512x512
CANNES_TILES_512x512.715.png,420.43,2025-10-29 08:44:21,512,512,512x512
CANNES_TILES_512x512.718.png,358.38,2025-10-29 08:44:21,512,512,512x512
CANNES_TILES_512x512.719.png,353.63,2025-10-29 08:44:21,512,512,512x512
CANNES_TILES_512x512.72.png,400.31,2025-10-29 08:44:21,512,512,512x512
CANNES_TILES_512x512.721.png,375.25,2025-10-29 08:44:21,512,512,512x512
CANNES_TILES_512x512.722.png,402.97,2025-10-29 08:44:21,512,512,512x512
CANNES_TILES_512x512.723.png,413.13,2025-10-29 08:44:21,512,512,512x512
CANNES_TILES_512x512.724.png,396.61,2025-10-29 08:44:21,512,512,512x512
CANNES_TILES_512x512.726.png,397.52,2025-10-29 08:44:21,512,512,512x512
CANNES_TILES_512x512.729.png,421.58,2025-10-29 08:44:21,512,512,512x512
CANNES_TILES_512x512.73.png,399.33,2025-10-29 08:44:21,512,512,512x512
CANNES_TILES_512x512.732.png,431.82,2025-10-29 08:44:21,512,512,512x512
CANNES_TILES_512x512.733.png,454.4,2025-10-29 08:44:21,512,512,512x512
CANNES_TILES_512x512.734.png,360.77,2025-10-29 08:44:21,424,512,424x512
CANNES_TILES_512x512.74.png,401.8,2025-10-29 08:44:21,512,512,512x512
CANNES_TILES_512x512.740.png,399.16,2025-10-29 08:44:21,512,512,512x512
CANNES_TILES_512x512.741.png,401.9,2025-10-29 08:44:21,512,512,512x512
CANNES_TILES_512x512.742.png,372.16,2025-10-29 08:44:21,512,512,512x512
CANNES_TILES_512x512.743.png,392.71,2025-10-29 08:44:21,512,512,512x512
CANNES_TILES_512x512.744.png,382.09,2025-10-29 08:44:21,512,512,512x512
CANNES_TILES_512x512.745.png,391.44,2025-10-29 08:44:21,512,512,512x512
CANNES_TILES_512x512.746.png,412.81,2025-10-29 08:44:21,512,512,512x512
CANNES_TILES_512x512.747.png,412.06,2025-10-29 08:44:21,512,512,512x512
CANNES_TILES_512x512.748.png,404.19,2025-10-29 08:44:21,512,512,512x512
CANNES_TILES_512x512.75.png,420.18,2025-10-29 08:44:21,512,512,512x512
CANNES_TILES_512x512.750.png,392.83,2025-10-29 08:44:21,512,512,512x512
CANNES_TILES_512x512.751.png,399.43,2025-10-29 08:44:21,512,512,512x512
CANNES_TILES_512x512.752.png,409.97,2025-10-29 08:44:21,512,512,512x512
CANNES_TILES_512x512.753.png,387.08,2025-10-29 08:44:21,512,512,512x512
CANNES_TILES_512x512.754.png,420.03,2025-10-29 08:44:21,512,512,512x512
CANNES_TILES_512x512.755.png,418.92,2025-10-29 08:44:21,512,512,512x512
CANNES_TILES_512x512.756.png,391.59,2025-10-29 08:44:21,512,512,512x512
CANNES_TILES_512x512.76.png,394.52,2025-10-29 08:44:21,512,512,512x512
CANNES_TILES_512x512.761.png,408.7,2025-10-29 08:44:21,512,512,512x512
CANNES_TILES_512x512.764.png,425.34,2025-10-29 08:44:21,512,512,512x512
CANNES_TILES_512x512.767.png,381.0,2025-10-29 08:44:21,512,512,512x512
CANNES_TILES_512x512.768.png,374.62,2025-10-29 08:44:21,512,512,512x512
CANNES_TILES_512x512.77.png,349.54,2025-10-29 08:44:21,512,512,512x512
CANNES_TILES_512x512.770.png,411.64,2025-10-29 08:44:21,512,512,512x512
CANNES_TILES_512x512.771.png,418.98,2025-10-29 08:44:21,512,512,512x512
CANNES_TILES_512x512.772.png,423.48,2025-10-29 08:44:21,512,512,512x512
CANNES_TILES_512x512.773.png,439.65,2025-10-29 08:44:21,512,512,512x512
CANNES_TILES_512x512.774.png,396.27,2025-10-29 08:44:21,512,512,512x512
CANNES_TILES_512x512.775.png,392.05,2025-10-29 08:44:21,512,512,512x512
CANNES_TILES_512x512.776.png,366.71,2025-10-29 08:44:21,512,512,512x512
CANNES_TILES_512x512.777.png,406.25,2025-10-29 08:44:21,512,512,512x512
CANNES_TILES_512x512.778.png,381.72,2025-10-29 08:44:21,512,512,512x512
CANNES_TILES_512x512.779.png,388.06,2025-10-29 08:44:21,512,512,512x512
CANNES_TILES_512x512.78.png,377.86,2025-10-29 08:44:21,512,512,512x512
CANNES_TILES_512x512.780.png,414.88,2025-10-29 08:44:21,512,512,512x512
CANNES_TILES_512x512.783.png,344.05,2025-10-29 08:44:21,424,512,424x512
CANNES_TILES_512x512.788.png,366.75,2025-10-29 08:44:21,512,512,512x512
CANNES_TILES_512x512.789.png,376.83,2025-10-29 08:44:21,512,512,512x512
CANNES_TILES_512x512.79.png,395.48,2025-10-29 08:44:21,512,512,512x512
CANNES_TILES_512x512.790.png,362.29,2025-10-29 08:44:21,512,512,512x512
CANNES_TILES_512x512.791.png,374.16,2025-10-29 08:44:21,512,512,512x512
CANNES_TILES_512x512.792.png,397.39,2025-10-29 08:44:21,512,512,512x512
CANNES_TILES_512x512.793.png,397.64,2025-10-29 08:44:21,512,512,512x512
CANNES_TILES_512x512.794.png,424.22,2025-10-29 08:44:21,512,512,512x512
CANNES_TILES_512x512.795.png,421.17,2025-10-29 08:44:21,512,512,512x512
CANNES_TILES_512x512.796.png,408.79,2025-10-29 08:44:21,512,512,512x512
CANNES_TILES_512x512.797.png,391.03,2025-10-29 08:44:21,512,512,512x512
CANNES_TILES_512x512.798.png,398.38,2025-10-29 08:44:21,512,512,512x512
CANNES_TILES_512x512.799.png,393.7,2025-10-29 08:44:21,512,512,512x512
CANNES_TILES_512x512.80.png,388.06,2025-10-29 08:44:21,512,512,512x512
CANNES_TILES_512x512.800.png,402.7,2025-10-29 08:44:21,512,512,512x512
CANNES_TILES_512x512.801.png,389.73,2025-10-29 08:44:21,512,512,512x512
CANNES_TILES_512x512.802.png,372.84,2025-10-29 08:44:21,512,512,512x512
CANNES_TILES_512x512.803.png,392.25,2025-10-29 08:44:21,512,512,512x512
CANNES_TILES_512x512.804.png,401.43,2025-10-29 08:44:21,512,512,512x512
CANNES_TILES_512x512.805.png,381.95,2025-10-29 08:44:21,512,512,512x512
CANNES_TILES_512x512.81.png,372.75,2025-10-29 08:44:21,512,512,512x512
CANNES_TILES_512x512.812.png,372.2,2025-10-29 08:44:21,512,512,512x512
CANNES_TILES_512x512.814.png,415.32,2025-10-29 08:44:21,512,512,512x512
CANNES_TILES_512x512.815.png,395.48,2025-10-29 08:44:21,512,512,512x512
CANNES_TILES_512x512.816.png,384.33,2025-10-29 08:44:21,512,512,512x512
CANNES_TILES_512x512.817.png,391.73,2025-10-29 08:44:21,512,512,512x512
CANNES_TILES_512x512.818.png,391.72,2025-10-29 08:44:21,512,512,512x512
CANNES_TILES_512x512.819.png,380.07,2025-10-29 08:44:21,512,512,512x512
CANNES_TILES_512x512.82.png,410.32,2025-10-29 08:44:21,512,512,512x512
CANNES_TILES_512x512.821.png,403.54,2025-10-29 08:44:21,512,512,512x512
CANNES_TILES_512x512.822.png,411.64,2025-10-29 08:44:21,512,512,512x512
CANNES_TILES_512x512.823.png,384.16,2025-10-29 08:44:21,512,512,512x512
CANNES_TILES_512x512.825.png,420.51,2025-10-29 08:44:21,512,512,512x512
CANNES_TILES_512x512.828.png,401.65,2025-10-29 08:44:21,512,512,512x512
CANNES_TILES_512x512.83.png,393.64,2025-10-29 08:44:21,512,512,512x512
CANNES_TILES_512x512.830.png,444.43,2025-10-29 08:44:21,512,512,512x512
CANNES_TILES_512x512.831.png,413.96,2025-10-29 08:44:21,512,512,512x512
CANNES_TILES_512x512.832.png,333.75,2025-10-29 08:44:21,424,512,424x512
CANNES_TILES_512x512.836.png,373.82,2025-10-29 08:44:21,512,512,512x512
CANNES_TILES_512x512.837.png,373.66,2025-10-29 08:44:21,512,512,512x512
CANNES_TILES_512x512.84.png,383.94,2025-10-29 08:44:21,512,512,512x512
CANNES_TILES_512x512.842.png,390.6,2025-10-29 08:44:21,512,512,512x512
CANNES_TILES_512x512.843.png,414.46,2025-10-29 08:44:21,512,512,512x512
CANNES_TILES_512x512.846.png,398.36,2025-10-29 08:44:21,512,512,512x512
CANNES_TILES_512x512.847.png,392.01,2025-10-29 08:44:21,512,512,512x512
CANNES_TILES_512x512.848.png,387.05,2025-10-29 08:44:21,512,512,512x512
CANNES_TILES_512x512.849.png,390.94,2025-10-29 08:44:21,512,512,512x512
CANNES_TILES_512x512.850.png,393.71,2025-10-29 08:44:21,512,512,512x512
CANNES_TILES_512x512.851.png,384.55,2025-10-29 08:44:21,512,512,512x512
CANNES_TILES_512x512.852.png,394.27,2025-10-29 08:44:21,512,512,512x512
CANNES_TILES_512x512.853.png,421.85,2025-10-29 08:44:21,512,512,512x512
CANNES_TILES_512x512.859.png,383.92,2025-10-29 08:44:21,512,512,512x512
CANNES_TILES_512x512.86.png,368.74,2025-10-29 08:44:21,512,512,512x512
CANNES_TILES_512x512.860.png,376.44,2025-10-29 08:44:21,512,512,512x512
CANNES_TILES_512x512.862.png,411.7,2025-10-29 08:44:21,512,512,512x512
CANNES_TILES_512x512.863.png,447.07,2025-10-29 08:44:21,512,512,512x512
CANNES_TILES_512x512.864.png,405.22,2025-10-29 08:44:21,512,512,512x512
CANNES_TILES_512x512.865.png,389.43,2025-10-29 08:44:21,512,512,512x512
CANNES_TILES_512x512.866.png,385.98,2025-10-29 08:44:21,512,512,512x512
CANNES_TILES_512x512.867.png,392.17,2025-10-29 08:44:21,512,512,512x512
CANNES_TILES_512x512.868.png,364.67,2025-10-29 08:44:21,512,512,512x512
CANNES_TILES_512x512.869.png,391.21,2025-10-29 08:44:21,512,512,512x512
CANNES_TILES_512x512.87.png,369.21,2025-10-29 08:44:21,512,512,512x512
CANNES_TILES_512x512.870.png,388.89,2025-10-29 08:44:21,512,512,512x512
CANNES_TILES_512x512.874.png,406.8,2025-10-29 08:44:21,512,512,512x512
CANNES_TILES_512x512.877.png,407.54,2025-10-29 08:44:21,512,512,512x512
CANNES_TILES_512x512.878.png,445.13,2025-10-29 08:44:21,512,512,512x512
CANNES_TILES_512x512.88.png,357.7,2025-10-29 08:44:21,512,512,512x512
CANNES_TILES_512x512.880.png,384.05,2025-10-29 08:44:21,512,512,512x512
CANNES_TILES_512x512.881.png,307.92,2025-10-29 08:44:21,424,512,424x512
CANNES_TILES_512x512.886.png,395.01,2025-10-29 08:44:21,512,512,512x512
CANNES_TILES_512x512.891.png,384.62,2025-10-29 08:44:21,512,512,512x512
CANNES_TILES_512x512.892.png,379.49,2025-10-29 08:44:21,512,512,512x512
CANNES_TILES_512x512.894.png,401.21,2025-10-29 08:44:21,512,512,512x512
CANNES_TILES_512x512.895.png,399.63,2025-10-29 08:44:21,512,512,512x512
CANNES_TILES_512x512.896.png,387.71,2025-10-29 08:44:21,512,512,512x512
CANNES_TILES_512x512.897.png,373.98,2025-10-29 08:44:21,512,512,512x512
CANNES_TILES_512x512.898.png,384.68,2025-10-29 08:44:21,512,512,512x512
CANNES_TILES_512x512.901.png,408.24,2025-10-29 08:44:21,512,512,512x512
CANNES_TILES_512x512.902.png,411.69,2025-10-29 08:44:21,512,512,512x512
CANNES_TILES_512x512.903.png,423.33,2025-10-29 08:44:21,512,512,512x512
CANNES_TILES_512x512.908.png,395.98,2025-10-29 08:44:21,512,512,512x512
CANNES_TILES_512x512.910.png,404.14,2025-10-29 08:44:21,512,512,512x512
CANNES_TILES_512x512.911.png,404.28,2025-10-29 08:44:21,512,512,512x512
CANNES_TILES_512x512.912.png,404.17,2025-10-29 08:44:21,512,512,512x512
CANNES_TILES_512x512.913.png,413.45,2025-10-29 08:44:21,512,512,512x512
CANNES_TILES_512x512.914.png,398.4,2025-10-29 08:44:21,512,512,512x512
CANNES_TILES_512x512.915.png,397.3,2025-10-29 08:44:21,512,512,512x512
CANNES_TILES_512x512.916.png,388.05,2025-10-29 08:44:21,512,512,512x512
CANNES_TILES_512x512.917.png,385.29,2025-10-29 08:44:21,512,512,512x512
CANNES_TILES_512x512.918.png,408.92,2025-10-29 08:44:21,512,512,512x512
CANNES_TILES_512x512.920.png,392.76,2025-10-29 08:44:21,512,512,512x512
CANNES_TILES_512x512.921.png,390.81,2025-10-29 08:44:21,512,512,512x512
CANNES_TILES_512x512.927.png,400.49,2025-10-29 08:44:21,512,512,512x512
CANNES_TILES_512x512.928.png,410.85,2025-10-29 08:44:21,512,512,512x512
CANNES_TILES_512x512.929.png,382.77,2025-10-29 08:44:21,512,512,512x512
CANNES_TILES_512x512.93.png,382.75,2025-10-29 08:44:21,512,512,512x512
CANNES_TILES_512x512.930.png,304.24,2025-10-29 08:44:21,424,512,424x512
CANNES_TILES_512x512.931.png,379.38,2025-10-29 08:44:21,512,512,512x512
CANNES_TILES_512x512.933.png,370.57,2025-10-29 08:44:21,512,512,512x512
CANNES_TILES_512x512.934.png,391.3,2025-10-29 08:44:21,512,512,512x512
CANNES_TILES_512x512.935.png,409.14,2025-10-29 08:44:21,512,512,512x512
CANNES_TILES_512x512.94.png,378.55,2025-10-29 08:44:21,512,512,512x512
CANNES_TILES_512x512.943.png,386.32,2025-10-29 08:44:22,512,512,512x512
CANNES_TILES_512x512.944.png,375.76,2025-10-29 08:44:22,512,512,512x512
CANNES_TILES_512x512.945.png,375.39,2025-10-29 08:44:22,512,512,512x512
CANNES_TILES_512x512.946.png,375.11,2025-10-29 08:44:22,512,512,512x512
CANNES_TILES_512x512.947.png,385.21,2025-10-29 08:44:22,512,512,512x512
CANNES_TILES_512x512.948.png,382.68,2025-10-29 08:44:22,512,512,512x512
CANNES_TILES_512x512.949.png,385.54,2025-10-29 08:44:22,512,512,512x512
CANNES_TILES_512x512.951.png,411.54,2025-10-29 08:44:22,512,512,512x512
CANNES_TILES_512x512.952.png,398.01,2025-10-29 08:44:22,512,512,512x512
CANNES_TILES_512x512.953.png,384.55,2025-10-29 08:44:22,512,512,512x512
CANNES_TILES_512x512.955.png,342.41,2025-10-29 08:44:22,512,512,512x512
CANNES_TILES_512x512.956.png,399.71,2025-10-29 08:44:22,512,512,512x512
CANNES_TILES_512x512.957.png,412.03,2025-10-29 08:44:22,512,512,512x512
CANNES_TILES_512x512.958.png,431.44,2025-10-29 08:44:22,512,512,512x512
CANNES_TILES_512x512.959.png,436.81,2025-10-29 08:44:22,512,512,512x512
CANNES_TILES_512x512.960.png,418.99,2025-10-29 08:44:22,512,512,512x512
CANNES_TILES_512x512.965.png,393.61,2025-10-29 08:44:22,512,512,512x512
CANNES_TILES_512x512.967.png,384.82,2025-10-29 08:44:22,512,512,512x512
CANNES_TILES_512x512.968.png,394.28,2025-10-29 08:44:22,512,512,512x512
CANNES_TILES_512x512.969.png,397.31,2025-10-29 08:44:22,512,512,512x512
CANNES_TILES_512x512.971.png,385.73,2025-10-29 08:44:22,512,512,512x512
CANNES_TILES_512x512.975.png,391.01,2025-10-29 08:44:22,512,512,512x512
CANNES_TILES_512x512.976.png,370.77,2025-10-29 08:44:22,512,512,512x512
CANNES_TILES_512x512.977.png,420.62,2025-10-29 08:44:22,512,512,512x512
CANNES_TILES_512x512.978.png,395.39,2025-10-29 08:44:22,512,512,512x512
CANNES_TILES_512x512.980.png,274.94,2025-10-29 08:44:22,512,512,512x512
CANNES_TILES_512x512.981.png,348.78,2025-10-29 08:44:22,512,512,512x512
CANNES_TILES_512x512.992.png,409.26,2025-10-29 08:44:22,512,512,512x512
CANNES_TILES_512x512.993.png,377.15,2025-10-29 08:44:22,512,512,512x512
CANNES_TILES_512x512.994.png,371.15,2025-10-29 08:44:22,512,512,512x512
CANNES_TILES_512x512.995.png,393.53,2025-10-29 08:44:22,512,512,512x512
CANNES_TILES_512x512.996.png,379.28,2025-10-29 08:44:22,512,512,512x512
CANNES_TILES_512x512.997.png,397.96,2025-10-29 08:44:22,512,512,512x512
CANNES_TILES_512x512.998.png,370.41,2025-10-29 08:44:22,512,512,512x512
